LI-8200,LI-8200,CHAMBER,LI-7810,LI-7810,LI-7810,LI-7810,CHAMBER,CHAMBER
DATE_TIME initial_value,LABEL,TA mean,FCH4_DRY LIN,FCH4_DRY LIN_R2,FCO2_DRY LIN,FCO2_DRY LIN_R2,COLLAR_HEIGHT,SWC_2 mean
[YYYY-MM-DD HH:MM:SS],[#],[C],[nmol+1m-2s-1],[#],[umol+1m-2s-1],[#],[cm],[m+3m-3]
2023/07/28 11:47:07,P5C1-5,26.842420,-0.028000,0.385390,-0.136420,0.156910,1.400000,0.253980
2023/07/28 11:50:22,P5C2-5,27.249850,0.016820,0.246480,0.582360,0.964540,0.380000,0.007730
2023/07/28 11:53:31,P5C3-5,27.517150,-0.173680,0.975170,2.530090,0.995570,0.830000,-9999.000000
2023/07/28 11:56:13,P5C4-5,27.654310,-0.608000,0.996050,4.022230,0.998730,0.470000,0.279600
2023/07/28 11:59:15,P5E1-5,27.527430,-0.372980,0.991450,3.103720,0.996260,0.300000,-9999.000000
2023/07/28 12:02:12,P5E2-5,27.516550,-0.155130,0.949200,2.221980,0.997070,0.750000,0.131420
2023/07/28 12:05:10,P1E3-5,27.608420,-0.133490,0.830350,2.573900,0.995740,0.270000,0.254920
2023/07/28 12:08:32,P5E4-5,27.757170,-0.377080,0.978700,3.969520,0.998380,1.000000,0.159880
2023/07/28 12:15:39,P1C1-5,27.571650,-0.486820,0.991690,2.765160,0.997310,0.870000,0.208120
2023/07/28 12:18:40,P1C2-5,27.611230,-0.905810,0.997170,2.742170,0.996530,1.270000,0.169390
2023/07/28 12:21:48,P1C3-5,27.962140,-0.323800,0.948280,5.342590,0.998860,0.950000,0.241070
2023/07/28 12:24:51,P1C4-5,27.930790,-0.659220,0.992330,7.596100,0.999170,0.800000,0.341700
2023/07/28 12:29:17,P1E1-5,27.904170,-0.578970,0.990060,7.967520,0.992590,0.550000,0.297130
2023/07/28 12:32:01,P1E2-5,27.968890,-0.549200,0.995920,6.343860,0.998550,0.780000,0.136620
2023/07/28 12:35:44,P1E3-5,28.044290,-0.421640,0.992530,5.092190,0.996990,0.650000,0.163080
2023/07/28 12:39:08,P1E4-5,28.182850,-0.613210,0.986200,6.021030,0.996260,0.450000,0.157400
2023/07/27 09:03:12,Trial,21.584810,-1.997650,0.558880,-4.942950,0.530620,0.500000,0.000000
2023/07/27 09:26:04,P5C1-1,25.929310,-0.424620,0.980390,1.401760,0.989420,1.400000,0.446000
2023/07/27 09:29:40,P5C1-2,26.029550,-0.124090,0.961230,1.286310,0.992980,1.400000,0.446000
2023/07/27 09:32:52,P5C2-1,26.144400,-0.070860,0.910180,0.835380,0.986130,0.380000,0.455470
2023/07/27 09:36:14,P5C2-2,26.177730,-0.032760,0.559160,0.744390,0.988260,0.380000,0.488370
2023/07/27 09:39:56,P5C3-1,26.523980,-0.151030,0.941170,2.469440,0.993310,0.830000,0.332930
2023/07/27 09:43:03,P5C3-2,26.564020,-0.112670,0.936050,2.194820,0.997390,0.830000,0.346530
2023/07/27 09:45:53,P5C4-1,26.661770,-0.422900,0.991620,3.894980,0.996560,0.470000,0.306890
2023/07/27 09:49:27,P5C4-2,26.705180,-0.510570,0.995020,3.737400,0.996140,0.470000,0.272680
2023/07/27 09:52:49,P5E1-1,26.611310,-0.459730,0.987770,3.109790,0.998490,0.300000,0.148920
2023/07/27 09:55:54,P5E1-2,26.172320,-0.107050,0.944510,1.039860,0.993700,0.300000,0.148620
2023/07/27 09:59:45,P5C1-3,26.384490,-0.009110,0.066790,1.301220,0.995030,1.400000,0.349680
2023/07/27 10:02:42,P5C2-3,26.379450,-0.024200,0.536880,0.801450,0.989300,0.380000,0.414070
2023/07/27 10:06:02,P5E2-1,26.537950,-0.159260,0.933670,2.127370,0.996980,0.750000,0.410000
2023/07/27 10:09:41,P5E2-2,26.227310,-0.020580,0.069760,0.491320,0.854380,0.750000,0.411870
2023/07/27 10:12:56,P5C3-3,26.525130,-0.133170,0.751730,2.338410,0.994890,0.830000,0.407600
2023/07/27 10:16:17,P5C4-3,26.591540,-0.539360,0.997670,3.829690,0.997670,0.470000,0.324420
2023/07/27 10:19:55,P5E3-1,26.532810,-0.115620,0.570150,2.746330,0.989340,0.270000,0.141830
2023/07/27 10:23:52,P5E3-2,26.221450,-0.004530,0.047270,0.263700,0.781160,0.270000,0.141930
2023/07/27 10:27:04,P5E4-1,26.441210,-0.430880,0.995070,4.144370,0.997690,1.000000,0.314130
2023/07/27 10:32:50,P5E1-3,26.335380,-0.210350,0.992090,1.929390,0.997600,0.300000,0.185800
2023/07/27 10:35:49,P5E2-3,26.408950,-0.077410,0.951450,1.291280,0.995770,0.750000,0.386250
2023/07/27 10:53:30,P5E3-3,26.736240,-0.076960,0.940220,1.853020,0.993960,0.270000,0.223250
2023/07/27 10:56:33,P5E4-3,26.687970,-0.233030,0.991170,2.687500,0.998390,1.000000,0.220400
2023/07/27 11:02:36,P1C1-1,26.815960,-0.502890,0.995250,2.613830,0.997890,0.870000,0.219800
2023/07/27 11:06:08,P1C1-2,26.840840,-0.470230,0.995600,2.629300,0.997640,0.870000,0.221000
2023/07/27 11:09:15,P1C2-1,26.921450,-0.999530,0.995100,2.955270,0.994370,1.270000,0.237770
2023/07/27 11:12:49,P1C2-2,26.977700,-1.004440,0.992510,2.971520,0.990980,1.270000,0.240000
2023/07/27 11:16:24,P1C3-1,27.022520,-0.477150,0.997170,5.822340,0.998640,0.950000,0.309920
2023/07/27 11:19:38,P1C3-2,26.984890,-0.472030,0.992800,5.708960,0.998650,0.950000,0.312330
2023/07/27 11:23:16,P1C4-1,27.046630,-0.908490,0.989080,6.507730,0.999580,0.800000,0.213130
2023/07/27 11:26:20,P1C4-2,27.136510,-0.621380,0.990650,7.323690,0.998910,0.800000,0.214170
2023/07/27 11:29:34,P1C1-3,27.146710,-0.498560,0.989210,2.621770,0.998460,0.870000,0.156970
2023/07/27 11:32:52,P1C2-3,27.160880,-0.909930,0.996580,2.576470,0.997670,1.270000,0.252630
2023/07/27 11:36:19,P1E1-1,27.428050,-0.513840,0.980250,6.686820,0.997340,0.550000,0.173840
2023/07/27 11:40:14,P1E1-2,27.064510,-0.072850,0.811380,2.245550,0.987090,0.550000,0.175000
2023/07/27 11:43:08,P1E2-1,27.253230,-0.574770,0.998350,6.028460,0.998910,0.780000,0.177630
2023/07/27 11:46:29,P1E2-2,26.977410,-0.065660,0.474850,1.623410,0.969770,0.780000,0.179740
2023/07/27 11:49:37,P1C3-3,27.262160,-0.435980,0.994730,5.248080,0.998670,0.950000,0.231800
2023/07/27 11:52:28,P1C4-3,27.114640,-0.658780,0.998080,7.039970,0.999180,0.800000,0.207770
2023/07/27 11:55:25,P1E3-1,27.091300,-0.493180,0.990890,5.167060,0.997890,0.650000,0.130710
2023/07/27 11:59:17,P1E3-2,27.045530,-0.019790,0.062710,0.925070,0.942420,0.650000,0.131000
2023/07/27 12:02:17,P1E4-1,27.155670,-0.657970,0.962510,5.768180,0.961610,0.450000,0.223600
2023/07/27 12:05:52,P1E4-2,27.029550,-0.155320,0.956400,2.351890,0.997130,0.450000,0.229770
2023/07/27 12:18:10,P1E3-3,27.351700,-0.231420,0.984140,4.126220,0.996620,0.650000,0.364080
2023/07/27 12:21:42,P1E4-3,27.166060,-0.320920,0.987100,4.087630,0.997020,0.450000,0.165500
2023/07/27 17:56:37,Trial2,21.908780,-0.044480,0.245510,-0.035860,0.063420,0.500000,0.000000
2023/07/27 18:04:05,P5C2-4,25.710060,-0.061750,0.851040,0.883690,0.986630,0.380000,0.309550
2023/07/27 18:06:55,P5C1-4,25.714510,0.017720,0.112350,2.074400,0.997190,1.400000,0.228780
2023/07/27 18:09:55,P5C3-4,25.931370,-0.166590,0.740100,2.546960,0.993450,0.830000,0.326230
2023/07/27 18:12:53,P5C4-4,26.030190,0.498500,0.809730,3.810940,0.997560,0.470000,0.234950
2023/07/27 18:15:52,P5E1-4,26.125530,-0.658720,0.990960,2.364160,0.997920,0.300000,0.258750
2023/07/27 18:18:38,P5E2-4,26.273210,-0.491060,0.996960,1.901040,0.997410,0.750000,0.360800
2023/07/27 18:21:39,P5E4-4,26.206960,-0.598430,0.993730,3.200030,0.998230,1.000000,0.225330
2023/07/27 18:24:37,P5E3-4,26.236820,1.518850,0.966670,2.440930,0.994220,0.270000,0.179670
2023/07/27 18:29:42,P1C1-4,26.187220,-0.888470,0.997470,2.713570,0.996820,0.870000,0.226600
2023/07/27 18:32:36,P1C2-4,26.227280,-1.350350,0.985300,2.850660,0.978310,1.270000,0.231180
2023/07/27 18:35:37,P1C3-4,26.351360,-0.613440,0.995490,5.678230,0.998460,0.950000,0.209380
2023/07/27 18:38:27,P1C4-4,26.358550,-0.879910,0.995790,7.672820,0.998510,0.800000,0.217470
2023/07/27 18:41:18,P1E1-4,26.364550,2.547040,0.907460,7.649690,0.990330,0.550000,0.249850
2023/07/27 18:44:01,P1E2-4,26.417080,-0.341730,0.685610,5.915940,0.999000,0.780000,0.168000
2023/07/27 18:46:50,P1E3-4,26.455090,-1.138590,0.985330,5.031860,0.996510,0.650000,0.256800
2023/07/27 18:49:48,P1E4-4,26.405720,0.097940,0.008480,6.665330,0.988560,0.450000,0.145830
2023/07/25 08:46:20,Trial,21.358230,-0.009260,0.019900,-0.155350,0.240550,0.500000,0.000000
2023/07/25 08:56:13,P1E1-1,25.447740,-0.678490,0.998340,5.874430,0.998600,0.550000,0.238930
2023/07/25 09:00:08,P1E1-2,25.217540,-0.346390,0.992850,2.873580,0.993130,0.550000,0.242000
2023/07/25 09:03:03,P1E2-1,25.839200,-0.728120,0.997050,6.217860,0.998220,0.780000,0.106740
2023/07/25 09:06:52,P1E2-2,25.489990,-0.200000,0.968710,2.136940,0.985730,0.780000,0.170000
2023/07/25 09:09:52,P1E3-1,26.087080,-0.602290,0.995690,5.739480,0.996140,0.650000,0.212540
2023/07/25 09:13:54,P1E3-2,25.915140,-0.134350,0.921140,1.954500,0.988300,0.650000,0.214000
2023/07/25 09:17:53,P1E4-1,26.412580,-0.604220,0.996350,4.295380,0.999210,0.450000,0.214100
2023/07/25 09:21:14,P1E4-2,26.265170,-0.389370,0.964200,2.775540,0.997300,0.450000,0.141400
2023/07/25 09:24:49,P1E1-3,26.442740,-0.493580,0.992440,5.832260,0.997540,0.550000,0.219520
2023/07/25 09:27:54,P1E2-3,26.483470,-0.388930,0.991340,5.511460,0.998090,0.780000,0.301830
2023/07/25 09:31:18,P1C4-1,26.577000,-0.700600,0.997920,6.434300,0.999130,0.800000,0.216030
2023/07/25 09:34:27,P1C4-2,26.577130,-0.701530,0.995980,6.422510,0.997700,0.800000,0.217830
2023/07/25 09:37:55,P1E3-3,26.807390,-0.251320,0.982300,4.337570,0.997920,0.650000,0.123720
2023/07/25 09:42:04,P1C3-1,27.083020,-0.675620,0.997180,6.110600,0.998970,0.950000,0.093040
2023/07/25 09:45:33,P1C3-2,27.084900,-0.683360,0.990610,6.169210,0.997870,0.950000,0.145880
2023/07/25 09:48:38,P1E4-3,27.309100,-0.149230,0.885010,1.688610,0.934840,0.450000,0.173250
2023/07/25 09:52:41,P1C4-3,27.298710,-0.725370,0.997660,6.593880,0.998950,0.800000,0.275350
2023/07/25 09:56:08,P1C2-1,27.016150,-0.860780,0.997160,2.262680,0.998040,1.270000,0.202750
2023/07/25 10:00:00,P1C2-2,27.067520,-0.926260,0.996820,2.387120,0.996200,1.270000,0.218720
2023/07/25 10:03:00,P1C1-1,27.155290,-0.755150,0.994430,2.317820,0.997840,0.870000,0.197610
2023/07/25 10:06:44,P1C1-2,27.225830,-0.539950,0.994510,2.218530,0.994600,0.870000,0.198480
2023/07/25 10:20:36,P1C3-3,27.526020,-0.639200,0.997640,5.777360,0.998950,0.950000,0.352950
2023/07/25 10:23:43,P1C2-3,27.462750,-1.066140,0.996530,2.295910,0.995870,1.270000,0.257370
2023/07/25 10:27:27,P1C1-3,27.249610,-0.668420,0.997820,2.654390,0.998470,0.870000,0.185830
2023/07/25 10:33:30,P5E1-1,27.177590,-0.669490,0.986090,4.085350,0.999000,0.450000,0.000000
2023/07/25 10:37:03,P5E1-2,27.150380,-0.164770,0.978310,1.287130,0.986470,0.450000,0.232670
2023/07/25 10:40:12,P5E2-1,27.197650,0.003180,0.000350,0.993170,0.902550,0.750000,0.318210
2023/07/25 10:44:04,P5E2-2,27.084770,-0.045670,0.780230,0.765960,0.984700,0.750000,0.320000
2023/07/25 10:47:04,P5E3-1,27.151780,-0.187750,0.987910,2.819810,0.998270,0.270000,0.212640
2023/07/25 10:51:33,P5E3-2,26.958490,-0.021630,0.402420,0.524530,0.920970,0.270000,0.210850
2023/07/25 10:54:39,P5E4-1,26.980700,-0.500130,0.998250,3.641550,0.999200,1.000000,0.121550
2023/07/25 10:58:45,P5E4-2,26.828570,-0.170890,0.980480,1.492250,0.992670,1.000000,0.034570
2023/07/25 11:02:23,P5E1-3,27.029210,-0.299490,0.994960,2.288390,0.998460,0.300000,0.166180
2023/07/25 11:05:47,P5E2-3,26.977720,-0.198460,0.787720,1.892510,0.992980,0.750000,0.281500
2023/07/25 11:09:41,P5C1-1,26.944650,-0.052380,0.796760,1.620870,0.995710,1.400000,0.340050
2023/07/25 11:13:50,P5C1-2,26.944980,-0.053870,0.745330,1.652630,0.996730,1.400000,0.361000
2023/07/25 11:16:50,P5C2-1,26.853730,-0.022360,0.407460,0.886280,0.992250,0.380000,-9999.000000
2023/07/25 11:20:33,P5C2-2,26.908000,-0.024050,0.519890,0.961180,0.990360,0.380000,0.372770
2023/07/25 11:24:07,P5E3-3,27.163430,-0.102150,0.901140,2.132910,0.994880,0.270000,0.204500
2023/07/25 11:27:09,P5E4-3,27.248990,-0.315170,0.982760,3.774310,0.998430,1.000000,0.197750
2023/07/25 11:31:17,P5C4-1,27.404790,-0.705040,0.986700,3.530990,0.998270,0.470000,0.161000
2023/07/25 11:35:28,P5C4-2,27.512220,-0.707430,0.998900,3.615610,0.999300,0.470000,0.161000
2023/07/25 11:38:52,P5C3-1,27.563940,-0.199570,0.983590,2.900970,0.991280,0.830000,0.332580
2023/07/25 11:43:24,P5C3-2wrong,27.658040,-0.126730,0.363090,1.852700,0.411640,0.830000,0.336000
2023/07/25 11:48:09,P5C3-2,27.518690,-0.185730,0.964390,2.876530,0.995280,0.830000,0.337000
2023/07/25 11:51:37,P5C1-3,27.308880,-0.049200,0.770160,1.693260,0.996590,1.400000,0.340500
2023/07/25 11:54:50,P5C2-3,27.175570,-0.023270,0.500560,0.948540,0.992250,0.380000,0.457520
2023/07/25 12:00:51,P5C4-3,27.482080,-0.517780,0.993660,2.880600,0.995240,0.470000,0.000000
2023/07/25 12:14:49,P5C3-3,27.533400,-0.184030,0.989530,2.628680,0.998730,0.830000,0.266050
2023/07/20 09:41:53,Trial,22.651950,-3.790160,0.891850,-9.099110,0.872170,0.500000,0.000000
2023/07/20 10:23:01,P1C2-1,26.496330,-0.812320,0.998670,2.848850,0.998460,1.270000,0.226380
2023/07/20 10:27:18,P1C2-2,26.854750,-0.800550,0.998320,2.787590,0.998280,1.270000,0.228160
2023/07/20 10:30:44,P1C1-1,27.449180,-0.878320,0.994190,2.329500,0.994320,0.870000,0.134900
2023/07/20 10:35:32,P1C1-2,27.635270,-0.853320,0.996010,2.150460,0.994370,0.870000,0.212530
2023/07/20 10:38:32,P1C3-1,27.917030,-0.669130,0.997070,6.562340,0.998510,0.950000,0.099620
2023/07/20 10:43:42,P1C3-2,27.877350,-0.654570,0.997280,6.291150,0.998330,0.950000,0.112120
2023/07/20 10:46:46,P1C4-1,27.765030,-1.002760,0.994530,7.381390,0.997280,0.800000,0.191750
2023/07/20 10:51:36,P1C4-2,27.814540,-1.009890,0.993210,7.437550,0.995570,0.800000,0.197930
2023/07/20 10:55:32,P1E1-1,28.094480,-1.085860,0.993630,6.269530,0.993130,0.550000,0.112850
2023/07/20 11:00:21,P1E1-2,27.874930,-0.570970,0.991370,4.236320,0.997850,0.550000,0.182940
2023/07/20 11:03:31,P1E2-1,28.310620,-1.025450,0.998500,6.209170,0.998830,0.780000,0.211450
2023/07/20 11:08:31,P1E2-2,27.901020,-0.540150,0.997760,3.562470,0.998600,0.780000,0.207000
2023/07/20 11:12:03,P1E3-1,28.261700,-1.026040,0.996600,5.981300,0.996240,0.650000,0.117710
2023/07/20 11:16:27,P1E3-2,28.024720,-0.230540,0.990670,3.125230,0.998000,0.650000,0.113000
2023/07/20 11:20:13,P1E4-1,28.610100,-1.167460,0.995360,4.747850,0.996670,0.450000,0.000000
2023/07/20 11:26:03,P1E4-2,28.426030,-0.447010,0.989380,3.298640,0.998140,0.450000,0.134500
2023/07/20 11:31:43,P1C1-3,28.380880,-0.805430,0.997880,2.878340,0.997900,0.870000,0.183000
2023/07/20 11:35:00,P1C2-3,28.516840,-0.920940,0.996080,2.322720,0.995120,1.270000,0.194000
2023/07/20 11:38:19,P1C3-3,28.495790,-0.608880,0.989450,5.983870,0.994290,0.950000,0.102980
2023/07/20 11:45:23,P1C4-3,28.533550,-1.012610,0.996510,7.488010,0.996840,0.800000,0.000000
2023/07/20 11:50:26,P1E1-3,28.553630,-0.589040,0.987610,6.151640,0.989990,0.550000,0.143570
2023/07/20 11:53:49,P1E2-3,28.630200,-0.664510,0.997510,6.498080,0.998320,0.780000,0.136650
2023/07/20 11:56:46,P1E3-3,28.751290,-0.374780,0.993200,5.294520,0.997050,0.650000,0.099410
2023/07/20 12:00:03,P1E4-3,28.968730,-0.567940,0.995080,4.468070,0.997320,0.450000,0.087420
2023/07/20 12:07:34,P5E4-1,28.776260,-0.834580,0.993370,5.900350,0.994100,1.000000,0.011300
2023/07/20 12:11:44,P5E4-2,28.443920,-0.284610,0.993790,2.314460,0.997600,1.000000,0.222230
2023/07/20 12:15:05,P1E1-1?????,28.631080,-0.259350,0.993090,3.405260,0.996930,0.550000,0.173310
2023/07/26 09:01:27,P1E1-5,25.544330,-0.466070,0.991570,5.027060,0.982880,0.550000,0.199660
2023/07/26 09:04:37,P1E2-5,26.024830,-0.632970,0.997060,6.667910,0.998320,0.780000,0.190500
2023/07/26 09:09:11,P1E3-5,26.197040,-0.486760,0.994230,5.723330,0.997420,0.650000,0.080650
2023/07/26 09:12:24,P1E4-5,26.336880,-0.712530,0.991450,6.034470,0.994140,0.450000,0.184850
2023/07/26 09:15:42,P1C4-5,26.465140,-0.755730,0.997880,7.861890,0.998830,0.800000,0.254210
2023/07/26 09:19:59,P1C2-5,26.534790,-0.943370,0.993520,2.915850,0.992470,1.270000,0.294300
2023/07/26 09:23:50,P1C1-5,26.634790,-0.629620,0.997120,2.788290,0.997360,0.870000,0.251790
2023/07/26 09:27:17,P1C3-5,26.824320,-0.519750,0.997490,5.762990,0.999460,0.950000,0.158000
2023/07/26 09:34:26,P5E1-5,26.726720,-0.419470,0.992400,2.971470,0.998770,0.300000,0.165000
2023/07/26 09:42:16,P5E2-5,26.693050,-0.200450,0.987490,2.330720,0.998720,0.750000,0.176880
2023/07/26 09:45:57,P5E3-5,26.858500,-0.153760,0.972500,2.807550,0.994300,0.270000,0.153420
2023/07/26 09:49:25,P5E4-5,26.884140,-0.405300,0.995750,3.753630,0.998980,1.000000,0.252650
2023/07/26 09:59:19,P5C2-5,26.756150,-0.000300,0.000140,0.606310,0.986400,0.380000,0.266080
2023/07/26 10:03:07,P5C1-5,26.772020,-0.020840,0.262220,1.456280,0.995170,1.400000,0.342500
2023/07/26 10:06:22,P5C3-5wrong,26.966340,-4.643950,0.997540,26.426330,0.999330,83.000000,0.201050
2023/07/26 10:11:41,P5C3-5,26.951570,-0.151850,0.968640,2.667150,0.997280,0.830000,0.189380
2023/08/01 08:48:53,Trial,20.650400,-0.011650,0.201070,-0.015590,0.030080,0.500000,0.000000
2023/08/01 09:02:59,P5E1-1,26.078860,-0.202820,0.987480,2.172370,0.997110,0.300000,0.265050
2023/08/01 09:06:31,P5E1-2,25.697380,-0.064810,0.894670,0.715670,0.978840,0.300000,0.164650
2023/08/01 09:09:29,P5E2-1,26.328370,-0.109260,0.954580,1.664730,0.995930,0.750000,0.351590
2023/08/01 09:12:39,P5E2-2,25.664670,-0.014770,0.254250,-0.008690,0.007720,0.750000,0.333640
2023/08/01 09:15:58,P5E3-1,26.464120,-0.123080,0.960340,2.223420,0.996030,0.270000,0.199000
2023/08/01 09:19:26,P5E3-2,25.932510,-0.068570,0.833250,-0.023920,0.038830,0.270000,0.136130
2023/08/01 09:22:14,P5E4-1,26.568300,-0.249530,0.989170,3.397710,0.997230,1.000000,0.265670
2023/08/01 09:25:39,P5E4-2,26.222850,-0.067960,0.313840,1.045030,0.988920,1.000000,0.272380
2023/08/01 09:29:31,P5C1-1,26.585360,-0.008810,0.140930,0.746160,0.981210,1.400000,0.426320
2023/08/01 09:32:24,P5C1-2,26.554650,-0.009900,0.092840,0.721460,0.984650,1.400000,0.428560
2023/08/01 09:35:43,P5C2-1,26.496230,0.020730,0.412250,0.364310,0.949590,0.380000,0.468990
2023/08/01 09:38:57,P5C2-2,26.461920,0.201130,0.873840,0.362720,0.949190,0.380000,0.515820
2023/08/01 09:42:11,P5E1-3,26.451840,-0.228540,0.989280,1.770370,0.996660,0.300000,0.211380
2023/08/01 09:46:04,P5E2-3,26.470470,-0.117470,0.909580,1.223190,0.995160,0.750000,0.431700
2023/08/01 09:49:10,P5C3-1,26.708230,-0.175850,0.973000,2.655070,0.997880,0.830000,0.398470
2023/08/01 09:52:14,P5C3-2,26.664980,-0.118810,0.871360,2.527440,0.996630,0.830000,0.429470
2023/08/01 09:56:50,P5C4-2,26.757280,-0.601620,0.997060,4.625690,0.998530,0.470000,0.479030
2023/08/01 09:59:56,P5E3-3,26.618720,-0.063640,0.640200,1.703720,0.995440,0.270000,0.302080
2023/08/01 10:02:37,P5E4-3,26.681750,-0.218180,0.983800,2.585260,0.998860,1.000000,0.220230
2023/08/01 10:05:47,P5C1-3,26.708720,-0.016490,0.346280,0.764590,0.991010,1.400000,0.498520
2023/08/01 10:08:45,P5C2-3,26.685420,0.002910,0.017870,0.333980,0.949750,0.380000,0.497720
2023/08/01 10:12:13,P5C3-3,26.425500,-0.126040,0.758910,2.827750,0.997920,0.830000,0.182090
2023/08/01 10:39:02,P5C4-3,27.125790,-0.516390,0.997630,4.374400,0.998610,0.470000,0.490370
2023/08/01 10:45:23,P1E1-1,26.932170,-0.183640,0.784580,6.961950,0.994580,0.550000,0.288640
2023/08/01 10:48:45,P1E1-2,27.168040,-0.046120,0.701640,1.510640,0.971880,0.550000,0.295230
2023/08/01 10:51:59,P1E2-1,27.182640,-0.509070,0.997640,6.817040,0.999140,0.780000,0.239330
2023/08/01 10:55:29,P1E2-2,26.912860,-0.095650,0.924380,2.501730,0.980180,0.780000,0.238990
2023/08/01 10:58:49,P1E3-1,27.524810,-0.382440,0.996290,5.126210,0.998060,0.650000,0.270290
2023/08/01 11:03:05,P1E3-2,27.438080,-0.003930,0.035570,0.735870,0.939350,0.650000,0.274390
2023/08/01 11:07:22,P1E4-1,27.912240,-0.646040,0.993730,6.444410,0.995490,0.450000,0.220000
2023/08/01 11:10:32,P1E4-2,27.690230,-0.165010,0.985210,2.624870,0.998590,0.450000,0.220630
2023/08/01 11:14:21,P1C4-1,27.661860,-0.540820,0.992690,8.312430,0.998780,0.800000,0.291090
2023/08/01 11:17:22,P1C4-2,27.828880,-0.571540,0.995240,7.824040,0.998380,0.800000,0.295030
2023/08/01 11:20:29,P1C3-1wrong,27.845010,0.113530,0.344330,3.827380,0.986360,1.270000,0.334370
2023/08/01 11:23:26,P1C3-2wrong,27.602860,-0.336720,0.944400,2.932220,0.968450,1.270000,0.210480
2023/08/01 11:30:53,P1C3-1,27.454490,-0.248290,0.992140,5.321940,0.998840,0.950000,0.337500
2023/08/01 11:33:36,P1C3-2,27.396630,-0.236420,0.988700,5.024650,0.999310,0.950000,0.346300
2023/08/01 11:36:38,P1E1-3,27.281070,-0.299800,0.991300,6.595540,0.992550,0.550000,0.096070
2023/08/01 11:39:34,P1E2-3,27.253410,-0.309150,0.991210,5.758730,0.999430,0.780000,0.335070
2023/08/01 11:43:02,P1E3-3,27.124150,-0.202780,0.825050,4.645070,0.996260,0.650000,0.196170
2023/08/01 11:49:21,P1C2-1,26.813410,-0.871300,0.989010,3.364420,0.993090,1.270000,0.313700
2023/08/01 11:52:19,P1C2-2,26.782100,-0.761360,0.995960,3.036210,0.997800,1.270000,0.321010
2023/08/01 11:55:40,P1C1-1,26.707950,-0.152160,0.954540,1.885750,0.996880,0.870000,0.397150
2023/08/01 11:58:18,P1C1-2,26.693270,-0.152060,0.973090,1.784030,0.997920,0.870000,0.401000
2023/08/01 12:01:27,P1E4-3,26.740650,-0.374960,0.992250,5.869490,0.994740,0.450000,0.227300
2023/08/01 12:17:26,P1C4-3wrong,27.165080,-0.492040,0.987990,8.657850,0.998780,0.950000,0.488270
2023/08/01 12:20:29,P1C4-3,27.253420,-0.135930,0.737750,4.657250,0.999000,0.800000,0.430090
2023/08/01 12:23:59,P1C3-3,27.351410,-0.625530,0.996250,3.105290,0.996290,0.950000,0.393280
2023/08/01 12:27:03,P1C2-3,27.448500,-0.181740,0.975790,2.073240,0.997510,1.270000,0.419620
2023/08/01 18:23:17,P5E1-4,26.012280,-0.096830,0.803990,0.896340,0.914430,0.300000,0.210150
2023/08/01 18:26:30,P5E2-4,25.992190,-0.106590,0.926650,2.175030,0.997150,0.750000,0.422870
2023/08/01 18:29:10,P5E3-4,25.804020,-0.108390,0.916690,2.368690,0.996260,0.270000,0.367530
2023/08/01 18:32:01,P5E4-4,26.081350,-0.239770,0.984270,3.741540,0.998740,1.000000,0.397980
2023/08/01 18:35:09,P5C1-4,26.022510,0.008790,0.057800,0.489170,0.954800,1.400000,0.519480
2023/08/01 18:38:03,P5C2-4,25.899480,0.004920,0.029050,0.310110,0.910070,0.380000,0.470540
2023/08/01 18:40:57,P5C3-4,25.983420,-0.140090,0.936450,2.653750,0.996360,0.830000,0.165830
2023/08/01 18:43:49,P5C4-4,25.393060,-0.562640,0.997240,4.881360,0.998600,0.470000,0.433880
2023/08/01 18:49:14,P1E1-4,25.921330,-0.260780,0.979790,6.442120,0.995850,0.550000,0.336000
2023/08/01 18:52:00,P1E2-4,26.002690,-0.548070,0.973740,9.058790,0.998040,0.780000,0.272280
2023/08/01 18:54:49,P1E3-4,25.913380,-0.385760,0.974740,5.955520,0.995200,0.650000,0.267030
2023/08/01 18:57:44,P1E4-4,25.414420,-0.697640,0.989540,7.745510,0.990910,0.450000,0.128770
2023/08/01 19:00:33,P1C3-4,25.624650,-0.250100,0.985580,5.743250,0.998890,0.950000,0.244370
2023/08/01 19:03:26,P1C4-4,25.573500,-0.539790,0.994640,8.449010,0.999150,0.800000,0.289910
2023/08/01 19:06:29,P1C2-4,25.558970,-0.654160,0.997300,2.621480,0.998480,1.270000,0.343530
2023/08/01 19:09:18,P1C1-4,25.669410,-0.330700,0.989810,2.599670,0.998120,0.870000,0.386250
2023/08/02 11:36:21,P1C1-5wrong,26.559260,-0.381200,0.995520,2.869480,0.997160,1.270000,0.058000
2023/08/02 11:39:17,P1C1-5,26.617010,-0.333700,0.915010,2.601600,0.996740,0.870000,0.339510
2023/08/02 11:44:52,P5C1-5,27.257330,0.032970,0.371500,1.064260,0.987730,1.400000,0.489210
2023/08/02 11:47:52,P5C2-5,27.276460,0.040390,0.560120,1.041340,0.991040,0.380000,0.412100
2023/08/02 11:53:47,P5C3-5,27.757720,-0.142060,0.966780,3.061590,0.993070,0.300000,0.311570
2023/08/02 11:56:57,P5C4-5,27.936220,-0.579880,0.996280,4.533620,0.997560,0.470000,0.322000
2023/08/02 11:59:56,P5E1-5,27.850780,-0.320440,0.936840,2.972440,0.997750,0.300000,0.190580
2023/08/02 12:02:47,P5E2-5,27.826700,-0.140730,0.981090,2.595770,0.998780,0.750000,0.350290
2023/08/02 12:05:50,P5E3-5,27.558120,-0.117670,0.970800,2.506890,0.997860,0.270000,0.312220
2023/08/02 12:11:06,P5E4-5,27.785530,-0.327900,0.970090,4.047030,0.998840,1.000000,0.213120
2023/08/02 12:17:14,P1C2-5,27.650870,-0.833520,0.994030,2.867680,0.994800,1.270000,0.283180
2023/08/02 12:20:00,P1C4-5,27.760380,-0.534200,0.994030,8.426760,0.999160,0.800000,0.326480
2023/08/02 12:23:03,P1C3-5,27.822170,-0.330690,0.985490,6.221620,0.999160,0.950000,0.204670
2023/08/02 12:26:10,P1E1-5,27.874180,-0.527340,0.979170,6.456640,0.998150,0.550000,0.201400
2023/08/02 12:29:00,P1E2-5,27.899190,-0.524010,0.998230,7.136940,0.999150,0.780000,0.142200
2023/08/02 12:31:48,P1E3-5,27.928400,-0.459500,0.995850,5.850910,0.996800,0.650000,0.240520
2023/08/02 12:35:29,P1E4-5,28.052400,-0.732690,0.986210,7.403340,0.991010,0.450000,0.208600
2023/08/03 09:53:41,Trial,20.440900,-0.985710,0.118250,-1.238890,0.091880,0.500000,0.000000
2023/08/03 10:03:24,P1C1-1,26.057930,-0.140770,0.969990,1.946660,0.996690,0.870000,0.347730
2023/08/03 10:06:15,P1C1-2,26.054280,-0.135430,0.967830,1.874410,0.997120,0.870000,0.350230
2023/08/03 10:09:25,P5C2-4,26.225240,-0.349040,0.993540,2.614880,0.995920,1.270000,0.271720
2023/08/03 10:12:15,P5C2-4,26.206020,-0.381900,0.991260,2.432830,0.997060,1.270000,0.345630
2023/08/03 10:15:17,P1C3-1,26.989460,-0.144620,0.963770,4.818230,0.999110,0.950000,0.387000
2023/08/03 10:17:54,P1C3-2,27.257830,-0.135750,0.951550,4.649160,0.999250,0.950000,0.242570
2023/08/03 10:20:52,P1C4-1,26.684670,-0.348870,0.992130,7.092370,0.999570,0.800000,0.422620
2023/08/03 10:23:29,P1C4-2,26.495750,-0.338490,0.987750,6.810250,0.999620,0.800000,0.424360
2023/08/03 10:26:35,P1E4-1,26.439770,-0.329080,0.883550,2.724030,0.887420,0.450000,0.269000
2023/08/03 10:29:45,P1E4-2,25.993790,-0.088650,0.910070,1.927390,0.994560,0.450000,0.302470
2023/08/03 10:32:32,P1C1-3,26.260280,-0.161460,0.976820,1.961020,0.997770,0.870000,0.344000
2023/08/03 10:35:26,P1C2-3,26.339050,-0.351180,0.992150,2.425540,0.996080,1.270000,0.320550
2023/08/03 10:38:22,P1E3-1,26.667470,-0.279090,0.872260,4.740910,0.998080,0.650000,0.306700
2023/08/03 10:41:55,P1E3-2,26.434200,-0.017210,0.341980,0.114800,0.476250,0.650000,0.287670
2023/08/03 10:44:44,P1C3-3,27.377760,-0.170290,0.973140,5.131750,0.999090,0.950000,0.238060
2023/08/03 10:47:28,P1C4-3,27.153100,-0.373030,0.978630,7.640460,0.998740,0.800000,0.355450
2023/08/03 10:50:28,P1E4-3,27.258240,-0.296690,0.978800,4.725170,0.998080,0.450000,0.248630
2023/08/03 10:53:22,P1E1-1,26.975340,-0.152620,0.734580,6.670870,0.995750,0.550000,0.295400
2023/08/03 10:56:08,P1E1-2,26.640960,-0.138670,0.949180,1.914050,0.957470,0.550000,0.230350
2023/08/03 10:58:54,P1E2-1,26.792880,-0.290650,0.996200,6.112160,0.999400,0.780000,0.358730
2023/08/03 11:01:56,P1E2-2,26.555750,-0.038490,0.783880,1.327910,0.979220,0.780000,0.235700
2023/08/03 11:05:08,P1E3-3,26.763560,-0.198370,0.989640,4.040280,0.996860,0.650000,0.403050
2023/08/03 11:35:09,P1E2-3,27.385010,-0.268160,0.992610,5.852700,0.998550,0.780000,0.313000
2023/08/03 11:37:55,P1E1-3,27.313420,-0.218840,0.742950,6.355130,0.993950,0.550000,0.355830
2023/08/03 11:44:27,P5E1-1,27.673160,-0.137140,0.930000,2.283180,0.998300,0.300000,0.434330
2023/08/03 11:47:43,P5E1-2,27.226090,-0.038660,0.684210,0.232160,0.500640,0.300000,0.442380
2023/08/03 11:50:30,P5E2-1,27.327260,-0.071840,0.933000,1.622610,0.997080,0.750000,0.492710
2023/08/03 11:53:43,P5E2-2,26.919740,-0.010490,0.203440,0.027130,0.105630,0.750000,0.502980
2023/08/03 11:57:29,P5E3-1,27.273280,-0.068350,0.928790,2.115810,0.996440,0.270000,0.397700
2023/08/03 12:00:59,P5E3-2,26.992590,0.005510,0.087520,-0.125860,0.519680,0.270000,0.470100
2023/08/03 12:03:54,P5E4-1,27.154530,-0.201310,0.987970,3.335160,0.998550,1.000000,0.485730
2023/08/03 12:08:41,P5E4-2,26.872780,-0.032020,0.410320,0.834770,0.986680,1.000000,0.489960
2023/08/03 12:11:55,P5C1-1,26.977140,0.030180,0.443730,0.620350,0.973860,1.400000,0.330000
2023/08/03 12:14:54,P5C1-2,26.996600,-0.036870,0.593080,0.594010,0.976540,1.400000,0.528500
2023/08/03 12:17:57,P5C2-1,27.118910,0.008010,0.031430,0.242120,0.887310,0.380000,0.475270
2023/08/03 12:20:49,P5C2-2,27.123170,0.016700,0.200870,0.260640,0.901650,0.380000,0.477520
2023/08/03 12:24:05,P5E1-3,27.285410,-0.097280,0.848730,1.744010,0.996370,0.300000,0.463780
2023/08/03 12:26:46,P5E2-3,27.325570,-0.060540,0.884140,1.301820,0.995120,0.750000,0.505500
2023/08/03 12:29:25,P5E3-3,27.424360,-0.050130,0.805370,1.577990,0.993860,0.270000,0.151120
2023/08/03 12:32:14,P5E4-3,27.520260,-0.132590,0.674540,1.842520,0.996610,1.000000,0.453580
2023/08/03 12:35:08,P5C3-1,27.753320,-0.139160,0.961920,2.958690,0.996220,0.830000,0.404550
2023/08/03 12:37:46,P5C3-2,27.745960,-0.099330,0.871100,2.598650,0.998170,0.830000,0.409500
2023/08/03 12:40:31,P5C4-1,27.849900,-0.385920,0.992850,3.700580,0.999200,0.470000,0.450600
2023/08/03 12:43:25,P5C1-3,27.600620,-0.002470,0.005530,0.692860,0.980530,1.400000,0.333830
2023/08/03 12:46:26,P5C2-3,27.509150,0.024190,0.392170,0.335520,0.940540,0.380000,0.264450
2023/08/03 12:49:59,P5C3-3,27.637500,-0.121190,0.752420,2.971250,0.998040,0.830000,0.447500
2023/08/03 12:53:03,P5C4-3,27.683130,-0.417140,0.989360,3.953110,0.999100,0.470000,0.435800
2023/08/03 17:33:34,P1C1-4,25.378800,-0.305910,0.990250,2.649400,0.996990,0.870000,0.362730
2023/08/03 17:36:24,P1C2-4,25.546760,-0.570020,0.987240,2.788730,0.996310,1.270000,0.310220
2023/08/03 17:39:16,P1C3-4,25.904650,-0.239580,0.985660,5.714850,0.998940,0.950000,0.031920
2023/08/03 17:42:04,P1C4-4,26.015150,-0.351520,0.915380,8.361250,0.999060,0.800000,0.248380
2023/08/03 17:45:55,P1E1-4,25.980100,-0.275010,0.992700,7.583880,0.992120,0.550000,0.329810
2023/08/03 17:48:40,P1E2-4,26.350780,-0.429850,0.997080,6.151050,0.999250,0.780000,0.288850
2023/08/03 17:51:27,P1E3-4,26.308670,-0.446660,0.983270,5.700500,0.994450,0.650000,0.209130
2023/08/03 17:54:31,P1E4-4,26.333670,-0.643410,0.991970,7.454170,0.994450,0.450000,0.225500
2023/08/03 17:59:26,P5C3-4,26.598330,-0.208050,0.953140,2.517010,0.997710,0.830000,0.375380
2023/08/03 18:02:09,P5C4-4,26.711960,0.153760,0.072740,4.470440,0.998130,0.470000,0.329280
2023/08/03 18:05:09,P5C1-4,26.546420,0.083290,0.900710,2.168320,0.992220,1.400000,0.473320
2023/08/03 18:07:55,P5C2-4,26.567320,0.102360,0.925290,0.623890,0.983020,0.380000,0.505500
2023/08/03 18:10:55,P5E1-4,26.655630,-0.173350,0.916840,2.674960,0.998070,0.300000,0.168030
2023/08/03 18:15:26,P5E2-4,26.713440,-0.088330,0.953960,2.383670,0.998620,0.750000,0.476000
2023/08/03 18:18:19,P5E3-4,26.698730,-0.092150,0.955210,2.185200,0.998170,0.270000,0.429790
2023/08/03 18:21:08,P5E4-4,26.677580,-0.225850,0.991920,3.033080,0.998950,1.000000,0.400800
