Model,JarID,Time,Label,treatment,WHC,Temperature,Date,WET_UP_stage,finalC02flux_gSoil_hr,WET_UP_stage_correct
16-July-2024 (Day 1)/TG10-01136-2024-07-16T151100_01,1,15H 11M 0S,25-90,90-25,90,25,2024-07-16,NA,0.153976472560747,NA
16-July-2024 (Day 1)/TG10-01136-2024-07-16T151600_02,2,15H 16M 0S,25-90,90-25,90,25,2024-07-16,NA,0.232792767273279,NA
16-July-2024 (Day 1)/TG10-01136-2024-07-16T152100_03,3,15H 21M 0S,25-90,90-25,90,25,2024-07-16,NA,0.122631096330839,NA
16-July-2024 (Day 1)/TG10-01136-2024-07-16T152400_04,4,15H 24M 0S,25-90,90-25,90,25,2024-07-16,NA,0.220662975171287,NA
16-July-2024 (Day 1)/TG10-01136-2024-07-16T153100_05,5,15H 31M 0S,25-90,90-25,90,25,2024-07-16,NA,0.279856231517714,NA
16-July-2024 (Day 1)/TG10-01136-2024-07-16T153600_06,6,15H 36M 0S,25-90,90-25,90,25,2024-07-16,NA,0.703822011932335,NA
16-July-2024 (Day 1)/TG10-01136-2024-07-16T154100_07,7,15H 41M 0S,25-50,50-25,50,25,2024-07-16,NA,0.644139847711393,NA
16-July-2024 (Day 1)/TG10-01136-2024-07-16T154500_08,8,15H 45M 0S,25-50,50-25,50,25,2024-07-16,NA,0.478860503540088,NA
16-July-2024 (Day 1)/TG10-01136-2024-07-16T154900_09,9,15H 49M 0S,25-50,50-25,50,25,2024-07-16,NA,0.50766878943452,NA
16-July-2024 (Day 1)/TG10-01136-2024-07-16T155300_10,10,15H 53M 0S,25-50,50-25,50,25,2024-07-16,NA,0.66771073019032,NA
16-July-2024 (Day 1)/TG10-01136-2024-07-16T155700_11,11,15H 57M 0S,25-50,50-25,50,25,2024-07-16,NA,0.599114173950792,NA
16-July-2024 (Day 1)/TG10-01136-2024-07-16T161700_12,12,16H 17M 0S,25-50,50-25,50,25,2024-07-16,NA,0.232988825184684,NA
16-July-2024 (Day 1)/TG10-01136-2024-07-16T162200_13,13,16H 22M 0S,25-20,20-25,20,25,2024-07-16,NA,0.167549667239051,NA
16-July-2024 (Day 1)/TG10-01136-2024-07-16T162700_14,14,16H 27M 0S,25-20,20-25,20,25,2024-07-16,NA,0.18554904203383699,NA
16-July-2024 (Day 1)/TG10-01136-2024-07-16T163200_15,15,16H 32M 0S,25-20,20-25,20,25,2024-07-16,NA,0.101800820861238,NA
16-July-2024 (Day 1)/TG10-01136-2024-07-16T163600_16,16,16H 36M 0S,25-20,20-25,20,25,2024-07-16,NA,0.119793945613691,NA
16-July-2024 (Day 1)/TG10-01136-2024-07-16T164100_17,17,16H 41M 0S,25-20,20-25,20,25,2024-07-16,NA,0.260331631409614,NA
16-July-2024 (Day 1)/TG10-01136-2024-07-16T164600_18,18,16H 46M 0S,25-20,20-25,20,25,2024-07-16,NA,0.163495122446184,NA
16-July-2024 (Day 1)/TG10-01136-2024-07-16T165200_19,19,16H 52M 0S,25-90,90-35,90,35,2024-07-16,NA,0.415791482631038,NA
16-July-2024 (Day 1)/TG10-01136-2024-07-16T165700_20,20,16H 57M 0S,25-90,90-35,90,35,2024-07-16,NA,0.179835200944981,NA
16-July-2024 (Day 1)/TG10-01136-2024-07-16T170300_21,21,17H 3M 0S,25-90,90-35,90,35,2024-07-16,NA,0.122783920504627,NA
16-July-2024 (Day 1)/TG10-01136-2024-07-16T170800_22,22,17H 8M 0S,25-90,90-35,90,35,2024-07-16,NA,0.347930000395287,NA
16-July-2024 (Day 1)/TG10-01136-2024-07-16T171500_23,23,17H 15M 0S,25-90,90-35,90,35,2024-07-16,NA,0.522479972088795,NA
16-July-2024 (Day 1)/TG10-01136-2024-07-16T172000_24,24,17H 20M 0S,25-90,90-35,90,35,2024-07-16,NA,0.274548917892839,NA
16-July-2024 (Day 1)/TG10-01136-2024-07-16T172500_25,25,17H 25M 0S,25-50,50-35,50,35,2024-07-16,NA,0.627145704115593,NA
16-July-2024 (Day 1)/TG10-01136-2024-07-16T173100_26,26,17H 31M 0S,25-50,50-35,50,35,2024-07-16,NA,0.461262483970053,NA
16-July-2024 (Day 1)/TG10-01136-2024-07-16T173600_27,27,17H 36M 0S,25-50,50-35,50,35,2024-07-16,NA,0.478392674719357,NA
16-July-2024 (Day 1)/TG10-01136-2024-07-16T174200_28,28,17H 42M 0S,25-50,50-35,50,35,2024-07-16,NA,0.673159265059525,NA
16-July-2024 (Day 1)/TG10-01136-2024-07-16T174900_29,29,17H 49M 0S,25-50,50-35,50,35,2024-07-16,NA,0.280649049499435,NA
16-July-2024 (Day 1)/TG10-01136-2024-07-16T175300_30,30,17H 53M 0S,25-50,50-35,50,35,2024-07-16,NA,0.496652394624462,NA
16-July-2024 (Day 1)/TG10-01136-2024-07-16T180000_31,31,18H 0M 0S,25-20,20-35,20,35,2024-07-16,NA,0.210354754207385,NA
16-July-2024 (Day 1)/TG10-01136-2024-07-16T180400_32,32,18H 4M 0S,25-20,20-35,20,35,2024-07-16,NA,0.149836684468174,NA
16-July-2024 (Day 1)/TG10-01136-2024-07-16T180900_33,33,18H 9M 0S,25-20,20-35,20,35,2024-07-16,NA,0.181072785840671,NA
16-July-2024 (Day 1)/TG10-01136-2024-07-16T181400_34,34,18H 14M 0S,25-20,20-35,20,35,2024-07-16,NA,0.158251612873157,NA
16-July-2024 (Day 1)/TG10-01136-2024-07-16T181900_35,35,18H 19M 0S,25-20,20-35,20,35,2024-07-16,NA,0.126748670582195,NA
16-July-2024 (Day 1)/TG10-01136-2024-07-16T182500_36,36,18H 25M 0S,25-20,20-35,20,35,2024-07-16,NA,0.122308289941222,NA
17-July-2024 (Day 2)/TG10-01136-2024-07-17T092600_01,1,9H 26M 0S,25-90,90-25,90,25,2024-07-17,NA,0.137152933858402,NA
17-July-2024 (Day 2)/TG10-01136-2024-07-17T093200_02,2,9H 32M 0S,25-90,90-25,90,25,2024-07-17,NA,0.233232863713936,NA
17-July-2024 (Day 2)/TG10-01136-2024-07-17T093800_03,3,9H 38M 0S,25-90,90-25,90,25,2024-07-17,NA,0.192968361793992,NA
17-July-2024 (Day 2)/TG10-01136-2024-07-17T094400_04,4,9H 44M 0S,25-90,90-25,90,25,2024-07-17,NA,0.228035080157556,NA
17-July-2024 (Day 2)/TG10-01136-2024-07-17T095000_05,5,9H 50M 0S,25-90,90-25,90,25,2024-07-17,NA,0.368587578616061,NA
17-July-2024 (Day 2)/TG10-01136-2024-07-17T095700_06,6,9H 57M 0S,25-90,90-25,90,25,2024-07-17,NA,0.28972607731614203,NA
17-July-2024 (Day 2)/TG10-01136-2024-07-17T100300_07,7,10H 3M 0S,25-50,50-25,50,25,2024-07-17,NA,0.486003784606594,NA
17-July-2024 (Day 2)/TG10-01136-2024-07-17T100700_08,8,10H 7M 0S,25-50,50-25,50,25,2024-07-17,NA,0.710334121278216,NA
17-July-2024 (Day 2)/TG10-01136-2024-07-17T101200_09,9,10H 12M 0S,25-50,50-25,50,25,2024-07-17,NA,0.493168893199025,NA
17-July-2024 (Day 2)/TG10-01136-2024-07-17T101700_10,10,10H 17M 0S,25-50,50-25,50,25,2024-07-17,NA,0.699023992294772,NA
17-July-2024 (Day 2)/TG10-01136-2024-07-17T102100_11,11,10H 21M 0S,25-50,50-25,50,25,2024-07-17,NA,0.736874982555137,NA
17-July-2024 (Day 2)/TG10-01136-2024-07-17T102700_12,12,10H 27M 0S,25-50,50-25,50,25,2024-07-17,NA,0.743181862509564,NA
17-July-2024 (Day 2)/TG10-01136-2024-07-17T103300_13,13,10H 33M 0S,25-20,20-25,20,25,2024-07-17,NA,0.210841799243089,NA
17-July-2024 (Day 2)/TG10-01136-2024-07-17T103900_14,14,10H 39M 0S,25-20,20-25,20,25,2024-07-17,NA,0.223386940886202,NA
17-July-2024 (Day 2)/TG10-01136-2024-07-17T104500_15,15,10H 45M 0S,25-20,20-25,20,25,2024-07-17,NA,0.218583948716996,NA
17-July-2024 (Day 2)/TG10-01136-2024-07-17T104900_16,16,10H 49M 0S,25-20,20-25,20,25,2024-07-17,NA,0.215181523411762,NA
17-July-2024 (Day 2)/TG10-01136-2024-07-17T105000_17,17,10H 50M 0S,25-20,20-25,20,25,2024-07-17,NA,0.257796775540137,NA
17-July-2024 (Day 2)/TG10-01136-2024-07-17T110100_18,18,11H 1M 0S,25-20,20-25,20,25,2024-07-17,NA,0.237649695652293,NA
17-July-2024 (Day 2)/TG10-01136-2024-07-17T110600_19,19,11H 6M 0S,25-90,90-35,90,35,2024-07-17,NA,0.249691119620144,NA
17-July-2024 (Day 2)/TG10-01136-2024-07-17T111100_20,20,11H 11M 0S,25-90,90-35,90,35,2024-07-17,NA,0.159500951235094,NA
17-July-2024 (Day 2)/TG10-01136-2024-07-17T111800_21,21,11H 18M 0S,25-90,90-35,90,35,2024-07-17,NA,0.14072478877712,NA
17-July-2024 (Day 2)/TG10-01136-2024-07-17T112500_22,22,11H 25M 0S,25-90,90-35,90,35,2024-07-17,NA,0.479126940243866,NA
17-July-2024 (Day 2)/TG10-01136-2024-07-17T112900_23,23,11H 29M 0S,25-90,90-35,90,35,2024-07-17,NA,0.573694594428606,NA
17-July-2024 (Day 2)/TG10-01136-2024-07-17T113500_24,24,11H 35M 0S,25-90,90-35,90,35,2024-07-17,NA,0.311730452969625,NA
17-July-2024 (Day 2)/TG10-01136-2024-07-17T114000_25,25,11H 40M 0S,25-50,50-35,50,35,2024-07-17,NA,0.686147677695486,NA
17-July-2024 (Day 2)/TG10-01136-2024-07-17T114600_26,26,11H 46M 0S,25-50,50-35,50,35,2024-07-17,NA,0.550061609614397,NA
17-July-2024 (Day 2)/TG10-01136-2024-07-17T115100_27,27,11H 51M 0S,25-50,50-35,50,35,2024-07-17,NA,0.513242915224109,NA
17-July-2024 (Day 2)/TG10-01136-2024-07-17T115500_28,28,11H 55M 0S,25-50,50-35,50,35,2024-07-17,NA,0.712021548642671,NA
17-July-2024 (Day 2)/TG10-01136-2024-07-17T115900_29,29,11H 59M 0S,25-50,50-35,50,35,2024-07-17,NA,0.676643611847603,NA
17-July-2024 (Day 2)/TG10-01136-2024-07-17T120600_30,30,12H 6M 0S,25-50,50-35,50,35,2024-07-17,NA,0.428371330954133,NA
17-July-2024 (Day 2)/TG10-01136-2024-07-17T121200_31,31,12H 12M 0S,25-20,20-35,20,35,2024-07-17,NA,0.175119356460895,NA
17-July-2024 (Day 2)/TG10-01136-2024-07-17T121700_32,32,12H 17M 0S,25-20,20-35,20,35,2024-07-17,NA,0.27931495742483903,NA
17-July-2024 (Day 2)/TG10-01136-2024-07-17T122300_33,33,12H 23M 0S,25-20,20-35,20,35,2024-07-17,NA,0.274970613325448,NA
17-July-2024 (Day 2)/TG10-01136-2024-07-17T122800_34,34,12H 28M 0S,25-20,20-35,20,35,2024-07-17,NA,0.310073206862107,NA
17-July-2024 (Day 2)/TG10-01136-2024-07-17T123400_35,35,12H 34M 0S,25-20,20-35,20,35,2024-07-17,NA,0.337917101767952,NA
17-July-2024 (Day 2)/TG10-01136-2024-07-17T123900_36,36,12H 39M 0S,25-20,20-35,20,35,2024-07-17,NA,0.283320649075192,NA
20-July-2024 (Day 5)/TG10-01136-2024-07-20T102800_01,1,10H 28M 0S,25-90,90-25,90,25,2024-07-20,NA,0.120031981523106,NA
20-July-2024 (Day 5)/TG10-01136-2024-07-20T103400_02,2,10H 34M 0S,25-90,90-25,90,25,2024-07-20,NA,0.274480774090976,NA
20-July-2024 (Day 5)/TG10-01136-2024-07-20T104000_03,3,10H 40M 0S,25-90,90-25,90,25,2024-07-20,NA,0.139302139847471,NA
20-July-2024 (Day 5)/TG10-01136-2024-07-20T104600_04,4,10H 46M 0S,25-90,90-25,90,25,2024-07-20,NA,0.191655593550684,NA
20-July-2024 (Day 5)/TG10-01136-2024-07-20T105600_05,5,10H 56M 0S,25-90,90-25,90,25,2024-07-20,NA,0.183765792573716,NA
20-July-2024 (Day 5)/TG10-01136-2024-07-20T110100_06,6,11H 1M 0S,25-90,90-25,90,25,2024-07-20,NA,0.187682315652975,NA
20-July-2024 (Day 5)/TG10-01136-2024-07-20T110800_07,7,11H 8M 0S,25-50,50-25,50,25,2024-07-20,NA,0.454185415049165,NA
20-July-2024 (Day 5)/TG10-01136-2024-07-20T111300_08,8,11H 13M 0S,25-50,50-25,50,25,2024-07-20,NA,0.588966266190849,NA
20-July-2024 (Day 5)/TG10-01136-2024-07-20T112300_09,9,11H 23M 0S,25-50,50-25,50,25,2024-07-20,NA,0.383224265325021,NA
20-July-2024 (Day 5)/TG10-01136-2024-07-20T112900_10,10,11H 29M 0S,25-50,50-25,50,25,2024-07-20,NA,0.46107823921189,NA
20-July-2024 (Day 5)/TG10-01136-2024-07-20T113300_11,11,11H 33M 0S,25-50,50-25,50,25,2024-07-20,NA,0.436156650822446,NA
20-July-2024 (Day 5)/TG10-01136-2024-07-20T113900_12,12,11H 39M 0S,25-50,50-25,50,25,2024-07-20,NA,0.52155272524712,NA
20-July-2024 (Day 5)/TG10-01136-2024-07-20T114500_13,13,11H 45M 0S,25-20,20-25,20,25,2024-07-20,NA,0.146082587002413,NA
20-July-2024 (Day 5)/TG10-01136-2024-07-20T114900_14,14,11H 49M 0S,25-20,20-25,20,25,2024-07-20,NA,0.12470452275027,NA
20-July-2024 (Day 5)/TG10-01136-2024-07-20T115400_15,15,11H 54M 0S,25-20,20-25,20,25,2024-07-20,NA,0.139663478361768,NA
20-July-2024 (Day 5)/TG10-01136-2024-07-20T115800_16,16,11H 58M 0S,25-20,20-25,20,25,2024-07-20,NA,0.143017197877346,NA
20-July-2024 (Day 5)/TG10-01136-2024-07-20T120400_17,17,12H 4M 0S,25-20,20-25,20,25,2024-07-20,NA,0.210888362132269,NA
20-July-2024 (Day 5)/TG10-01136-2024-07-20T120900_18,18,12H 9M 0S,25-20,20-25,20,25,2024-07-20,NA,0.194528340065522,NA
20-July-2024 (Day 5)/TG10-01136-2024-07-20T123800_19,19,12H 38M 0S,35-90,90-35,90,35,2024-07-20,NA,0.420842326100733,NA
20-July-2024 (Day 5)/TG10-01136-2024-07-20T124400_20,20,12H 44M 0S,35-90,90-35,90,35,2024-07-20,NA,0.357845055870677,NA
20-July-2024 (Day 5)/TG10-01136-2024-07-20T125000_21,21,12H 50M 0S,35-90,90-35,90,35,2024-07-20,NA,0.67593779198385,NA
20-July-2024 (Day 5)/TG10-01136-2024-07-20T125500_22,22,12H 55M 0S,35-90,90-35,90,35,2024-07-20,NA,0.458034999447303,NA
20-July-2024 (Day 5)/TG10-01136-2024-07-20T130100_23,23,13H 1M 0S,35-90,90-35,90,35,2024-07-20,NA,0.809529086090742,NA
20-July-2024 (Day 5)/TG10-01136-2024-07-20T130700_24,24,13H 7M 0S,35-90,90-35,90,35,2024-07-20,NA,0.365257211146829,NA
20-July-2024 (Day 5)/TG10-01136-2024-07-20T131300_25,25,13H 13M 0S,35-50,50-35,50,35,2024-07-20,NA,1.38166437658878,NA
20-July-2024 (Day 5)/TG10-01136-2024-07-20T132200_26,26,13H 22M 0S,35-50,50-35,50,35,2024-07-20,NA,0.836622231811989,NA
20-July-2024 (Day 5)/TG10-01136-2024-07-20T133000_27,27,13H 30M 0S,35-50,50-35,50,35,2024-07-20,NA,1.62974355025075,NA
20-July-2024 (Day 5)/TG10-01136-2024-07-20T133800_28,28,13H 38M 0S,35-50,50-35,50,35,2024-07-20,NA,1.18563781532837,NA
20-July-2024 (Day 5)/TG10-01136-2024-07-20T134300_29,29,13H 43M 0S,35-50,50-35,50,35,2024-07-20,NA,0.933023959149573,NA
20-July-2024 (Day 5)/TG10-01136-2024-07-20T134800_30,30,13H 48M 0S,35-50,50-35,50,35,2024-07-20,NA,0.93485042324406,NA
20-July-2024 (Day 5)/TG10-01136-2024-07-20T135500_31,31,13H 55M 0S,35-20,20-35,20,35,2024-07-20,NA,0.244293773355198,NA
20-July-2024 (Day 5)/TG10-01136-2024-07-20T135900_32,32,13H 59M 0S,35-20,20-35,20,35,2024-07-20,NA,0.312183420830218,NA
20-July-2024 (Day 5)/TG10-01136-2024-07-20T140700_33,33,14H 7M 0S,35-20,20-35,20,35,2024-07-20,NA,0.231499387467481,NA
20-July-2024 (Day 5)/TG10-01136-2024-07-20T141100_34,34,14H 11M 0S,35-20,20-35,20,35,2024-07-20,NA,0.162657764405493,NA
20-July-2024 (Day 5)/TG10-01136-2024-07-20T142100_35,35,14H 21M 0S,35-20,20-35,20,35,2024-07-20,NA,0.20619006664682,NA
20-July-2024 (Day 5)/TG10-01136-2024-07-20T142700_36,36,14H 27M 0S,35-20,20-35,20,35,2024-07-20,NA,0.389209011898603,NA
22-july-2024 (Day 7)/TG10-01136-2024-07-22T113700_01,1,11H 37M 0S,25-90,90-25,90,25,2024-07-22,NA,0.0904749322065639,NA
22-july-2024 (Day 7)/TG10-01136-2024-07-22T115200_02,2,11H 52M 0S,25-90,90-25,90,25,2024-07-22,NA,0.113274340830192,NA
22-july-2024 (Day 7)/TG10-01136-2024-07-22T132100_03,3,13H 21M 0S,25-90,90-25,90,25,2024-07-22,NA,0.244786690971089,NA
22-july-2024 (Day 7)/TG10-01136-2024-07-22T132500_04,4,13H 25M 0S,25-90,90-25,90,25,2024-07-22,NA,0.142574471402196,NA
22-july-2024 (Day 7)/TG10-01136-2024-07-22T133600_05,5,13H 36M 0S,25-90,90-25,90,25,2024-07-22,NA,0.161070514493049,NA
22-july-2024 (Day 7)/TG10-01136-2024-07-22T134100_06,6,13H 41M 0S,25-90,90-25,90,25,2024-07-22,NA,0.15897168122948999,NA
22-july-2024 (Day 7)/TG10-01136-2024-07-22T134800_19,19,13H 48M 0S,35-90,90-35,90,35,2024-07-22,NA,0.34776279641831,NA
22-july-2024 (Day 7)/TG10-01136-2024-07-22T135300_20,20,13H 53M 0S,35-90,90-35,90,35,2024-07-22,NA,0.356121296221436,NA
22-july-2024 (Day 7)/TG10-01136-2024-07-22T135700_21,21,13H 57M 0S,35-90,90-35,90,35,2024-07-22,NA,0.640940057869193,NA
22-july-2024 (Day 7)/TG10-01136-2024-07-22T140300_22,22,14H 3M 0S,35-90,90-35,90,35,2024-07-22,NA,0.491485172773385,NA
22-july-2024 (Day 7)/TG10-01136-2024-07-22T140900_07,7,14H 9M 0S,25-50,50-25,50,25,2024-07-22,NA,0.411957409561571,NA
22-july-2024 (Day 7)/TG10-01136-2024-07-22T143100_08,8,14H 31M 0S,25-50,50-25,50,25,2024-07-22,NA,0.555401696810449,NA
22-july-2024 (Day 7)/TG10-01136-2024-07-22T143600_09,9,14H 36M 0S,25-50,50-25,50,25,2024-07-22,NA,0.448985488670614,NA
22-july-2024 (Day 7)/TG10-01136-2024-07-22T144000_10,10,14H 40M 0S,25-50,50-25,50,25,2024-07-22,NA,0.499878666582632,NA
22-july-2024 (Day 7)/TG10-01136-2024-07-22T144500_23,23,14H 45M 0S,35-90,90-35,90,35,2024-07-22,NA,0.56003158548594,NA
22-july-2024 (Day 7)/TG10-01136-2024-07-22T145000_24,24,14H 50M 0S,35-90,90-35,90,35,2024-07-22,NA,0.375530062475336,NA
22-july-2024 (Day 7)/TG10-01136-2024-07-22T145500_25,25,14H 55M 0S,35-50,50-35,50,35,2024-07-22,NA,1.00970439685995,NA
22-july-2024 (Day 7)/TG10-01136-2024-07-22T145900_26,26,14H 59M 0S,35-50,50-35,50,35,2024-07-22,NA,0.504635571744735,NA
22-july-2024 (Day 7)/TG10-01136-2024-07-22T150400_11,11,15H 4M 0S,25-50,50-25,50,25,2024-07-22,NA,0.381275980132806,NA
22-july-2024 (Day 7)/TG10-01136-2024-07-22T150800_12,12,15H 8M 0S,25-50,50-25,50,25,2024-07-22,NA,0.502238344931667,NA
22-july-2024 (Day 7)/TG10-01136-2024-07-22T151300_13,13,15H 13M 0S,25-20,20-25,20,25,2024-07-22,NA,0.176846554179419,NA
22-july-2024 (Day 7)/TG10-01136-2024-07-22T151700_14,14,15H 17M 0S,25-20,20-25,20,25,2024-07-22,NA,0.173298652489213,NA
22-july-2024 (Day 7)/TG10-01136-2024-07-22T152200_15,15,15H 22M 0S,25-20,20-25,20,25,2024-07-22,NA,0.152287881837197,NA
22-july-2024 (Day 7)/TG10-01136-2024-07-22T152600_16,16,15H 26M 0S,25-20,20-25,20,25,2024-07-22,NA,0.179589797212062,NA
22-july-2024 (Day 7)/TG10-01136-2024-07-22T153100_17,17,15H 31M 0S,25-20,20-25,20,25,2024-07-22,NA,0.175073158734854,NA
22-july-2024 (Day 7)/TG10-01136-2024-07-22T153600_18,18,15H 36M 0S,25-20,20-25,20,25,2024-07-22,NA,0.170802344052189,NA
22-july-2024 (Day 7)/TG10-01136-2024-07-22T154000_27,27,15H 40M 0S,35-50,50-35,50,35,2024-07-22,NA,0.691598810917296,NA
22-july-2024 (Day 7)/TG10-01136-2024-07-22T154400_28,28,15H 44M 0S,35-50,50-35,50,35,2024-07-22,NA,1.0298901617664,NA
22-july-2024 (Day 7)/TG10-01136-2024-07-22T154800_29,29,15H 48M 0S,35-50,50-35,50,35,2024-07-22,NA,0.836908792106797,NA
22-july-2024 (Day 7)/TG10-01136-2024-07-22T155200_30,30,15H 52M 0S,35-50,50-35,50,35,2024-07-22,NA,1.00082459370659,NA
22-july-2024 (Day 7)/TG10-01136-2024-07-22T160600_31,31,16H 6M 0S,35-20,20-35,20,35,2024-07-22,NA,0.415349840635062,NA
22-july-2024 (Day 7)/TG10-01136-2024-07-22T161000_32,32,16H 10M 0S,35-20,20-35,20,35,2024-07-22,NA,0.38514812962164,NA
22-july-2024 (Day 7)/TG10-01136-2024-07-22T161400_33,33,16H 14M 0S,35-20,20-35,20,35,2024-07-22,NA,0.331105575572161,NA
22-july-2024 (Day 7)/TG10-01136-2024-07-22T161800_36,36,16H 18M 0S,35-20,20-35,20,35,2024-07-22,NA,0.313633380645092,NA
22-july-2024 (Day 7)/TG10-01136-2024-07-22T162300_34,34,16H 23M 0S,35-20,20-35,20,35,2024-07-22,NA,0.266359945489291,NA
22-july-2024 (Day 7)/TG10-01136-2024-07-22T162800_35,35,16H 28M 0S,35-20,20-35,20,35,2024-07-22,NA,0.247372373650958,NA
23-July-2024 (Day 8)/TG10-01136-2024-07-23T112400_02,2,11H 24M 0S,25-90,90-25,90,25,2024-07-23,NA,0.188922230769804,NA
23-July-2024 (Day 8)/TG10-01136-2024-07-23T113200_01,1,11H 32M 0S,25-90,90-25,90,25,2024-07-23,NA,0.0823594354385961,NA
23-July-2024 (Day 8)/TG10-01136-2024-07-23T113600_03,3,11H 36M 0S,25-90,90-25,90,25,2024-07-23,NA,0.199699146275761,NA
23-July-2024 (Day 8)/TG10-01136-2024-07-23T114000_04,4,11H 40M 0S,25-90,90-25,90,25,2024-07-23,NA,0.168949967685523,NA
23-July-2024 (Day 8)/TG10-01136-2024-07-23T114400_05,5,11H 44M 0S,25-90,90-25,90,25,2024-07-23,NA,0.176811817164752,NA
23-July-2024 (Day 8)/TG10-01136-2024-07-23T132500_06,6,13H 25M 0S,25-90,90-25,90,25,2024-07-23,NA,0.161003949850723,NA
23-July-2024 (Day 8)/TG10-01136-2024-07-23T132900_07,7,13H 29M 0S,25-50,50-25,50,25,2024-07-23,NA,0.323123290440961,NA
23-July-2024 (Day 8)/TG10-01136-2024-07-23T133300_08,8,13H 33M 0S,25-50,50-25,50,25,2024-07-23,NA,0.658451199430481,NA
23-July-2024 (Day 8)/TG10-01136-2024-07-23T133700_09,9,13H 37M 0S,25-50,50-25,50,25,2024-07-23,NA,0.436305657425592,NA
23-July-2024 (Day 8)/TG10-01136-2024-07-23T134100_10,10,13H 41M 0S,25-50,50-25,50,25,2024-07-23,NA,0.56156391605053,NA
23-July-2024 (Day 8)/TG10-01136-2024-07-23T134500_11,11,13H 45M 0S,25-50,50-25,50,25,2024-07-23,NA,0.433260314622261,NA
23-July-2024 (Day 8)/TG10-01136-2024-07-23T134900_12,12,13H 49M 0S,25-50,50-25,50,25,2024-07-23,NA,0.871243111899172,NA
23-July-2024 (Day 8)/TG10-01136-2024-07-23T140400_13,13,14H 4M 0S,25-20,20-25,20,25,2024-07-23,NA,0.116567128408053,NA
23-July-2024 (Day 8)/TG10-01136-2024-07-23T140800_14,14,14H 8M 0S,25-20,20-25,20,25,2024-07-23,NA,0.216722401585898,NA
23-July-2024 (Day 8)/TG10-01136-2024-07-23T141200_15,15,14H 12M 0S,25-20,20-25,20,25,2024-07-23,NA,0.177750778701015,NA
23-July-2024 (Day 8)/TG10-01136-2024-07-23T141600_16,16,14H 16M 0S,25-20,20-25,20,25,2024-07-23,NA,0.109195989683057,NA
23-July-2024 (Day 8)/TG10-01136-2024-07-23T142000_17,17,14H 20M 0S,25-20,20-25,20,25,2024-07-23,NA,0.285515087130006,NA
23-July-2024 (Day 8)/TG10-01136-2024-07-23T142400_18,18,14H 24M 0S,25-20,20-25,20,25,2024-07-23,NA,0.223758870508914,NA
23-July-2024 (Day 8)/TG10-01136-2024-07-23T145800_19,19,14H 58M 0S,35-90,90-35,90,35,2024-07-23,NA,0.479306727612529,NA
23-July-2024 (Day 8)/TG10-01136-2024-07-23T150700_20,20,15H 7M 0S,35-90,90-35,90,35,2024-07-23,NA,0.677735558517443,NA
23-July-2024 (Day 8)/TG10-01136-2024-07-23T151100_21,21,15H 11M 0S,35-90,90-35,90,35,2024-07-23,NA,0.829944072566805,NA
23-July-2024 (Day 8)/TG10-01136-2024-07-23T151700_21,21,15H 17M 0S,35-90,90-35,90,35,2024-07-23,NA,0.643298967226249,NA
23-July-2024 (Day 8)/TG10-01136-2024-07-23T152200_23,23,15H 22M 0S,35-90,90-35,90,35,2024-07-23,NA,0.718910745265969,NA
23-July-2024 (Day 8)/TG10-01136-2024-07-23T152700_24,24,15H 27M 0S,35-90,90-35,90,35,2024-07-23,NA,0.480875988171447,NA
23-July-2024 (Day 8)/TG10-01136-2024-07-23T153100_25,25,15H 31M 0S,35-50,50-35,50,35,2024-07-23,NA,0.971993600572654,NA
23-July-2024 (Day 8)/TG10-01136-2024-07-23T153600_26,26,15H 36M 0S,35-50,50-35,50,35,2024-07-23,NA,0.646602542668961,NA
23-July-2024 (Day 8)/TG10-01136-2024-07-23T154300_27,27,15H 43M 0S,35-50,50-35,50,35,2024-07-23,NA,1.35065028606593,NA
23-July-2024 (Day 8)/TG10-01136-2024-07-23T154800_28,28,15H 48M 0S,35-50,50-35,50,35,2024-07-23,NA,1.55246191682224,NA
23-July-2024 (Day 8)/TG10-01136-2024-07-23T155300_29,29,15H 53M 0S,35-50,50-35,50,35,2024-07-23,NA,1.12160396857115,NA
23-July-2024 (Day 8)/TG10-01136-2024-07-23T155800_30,30,15H 58M 0S,35-50,50-35,50,35,2024-07-23,NA,1.01081076172959,NA
23-July-2024 (Day 8)/TG10-01136-2024-07-23T160300_31,31,16H 3M 0S,35-20,20-35,20,35,2024-07-23,NA,0.504947260898569,NA
23-July-2024 (Day 8)/TG10-01136-2024-07-23T160700_32,32,16H 7M 0S,35-20,20-35,20,35,2024-07-23,NA,0.349261108147857,NA
23-July-2024 (Day 8)/TG10-01136-2024-07-23T161100_33,33,16H 11M 0S,35-20,20-35,20,35,2024-07-23,NA,0.26556567629211,NA
23-July-2024 (Day 8)/TG10-01136-2024-07-23T161500_34,34,16H 15M 0S,35-20,20-35,20,35,2024-07-23,NA,0.211920433861183,NA
23-July-2024 (Day 8)/TG10-01136-2024-07-23T162000_35,35,16H 20M 0S,35-20,20-35,20,35,2024-07-23,NA,0.399015119715818,NA
23-July-2024 (Day 8)/TG10-01136-2024-07-23T162500_36,36,16H 25M 0S,35-20,20-35,20,35,2024-07-23,NA,0.412717630375056,NA
25-July-2024 (Day 10)/TG10-01136-2024-07-25T140900_01,1,14H 9M 0S,25-90-25,90-25,90,25,2024-07-25,NA,0.181128369994344,NA
25-July-2024 (Day 10)/TG10-01136-2024-07-25T141200_02,2,14H 12M 0S,25-90-25,90-25,90,25,2024-07-25,NA,0.233116931467137,NA
25-July-2024 (Day 10)/TG10-01136-2024-07-25T141500_03,3,14H 15M 0S,25-90-25,90-25,90,25,2024-07-25,NA,0.274568558072226,NA
25-July-2024 (Day 10)/TG10-01136-2024-07-25T141800_07,7,14H 18M 0S,25-50-25,50-25,50,25,2024-07-25,NA,0.62551727824232,NA
25-July-2024 (Day 10)/TG10-01136-2024-07-25T142100_09,9,14H 21M 0S,25-50-25,50-25,50,25,2024-07-25,NA,0.661823588985096,NA
25-July-2024 (Day 10)/TG10-01136-2024-07-25T143500_08,8,14H 35M 0S,25-50-25,50-25,50,25,2024-07-25,NA,0.803087080223655,NA
25-July-2024 (Day 10)/TG10-01136-2024-07-25T144500_10,10,14H 45M 0S,25-20-30,50-25,50,25,2024-07-25,NA,1.12947827344323,NA
25-July-2024 (Day 10)/TG10-01136-2024-07-25T144900_11,11,14H 49M 0S,25-20-30,50-25,50,25,2024-07-25,NA,0.93410973672993,NA
25-July-2024 (Day 10)/TG10-01136-2024-07-25T145200_34,34,14H 52M 0S,35-20-30,20-35,20,35,2024-07-25,NA,0.360659616564327,NA
25-July-2024 (Day 10)/TG10-01136-2024-07-25T150300_13,13,15H 3M 0S,25-20-25,20-25,20,25,2024-07-25,NA,0.236871955903255,NA
25-July-2024 (Day 10)/TG10-01136-2024-07-25T150600_14,14,15H 6M 0S,25-20-25,20-25,20,25,2024-07-25,NA,0.135670024463731,NA
25-July-2024 (Day 10)/TG10-01136-2024-07-25T150900_15,15,15H 9M 0S,25-20-25,20-25,20,25,2024-07-25,NA,0.183098418870813,NA
25-July-2024 (Day 10)/TG10-01136-2024-07-25T151200_22,22,15H 12M 0S,35-90-30,90-35,90,35,2024-07-25,NA,0.439597914273495,NA
25-July-2024 (Day 10)/TG10-01136-2024-07-25T151600_06,6,15H 16M 0S,25-90-30,90-25,90,25,2024-07-25,NA,0.274816450756477,NA
25-July-2024 (Day 10)/TG10-01136-2024-07-25T151900_05,5,15H 19M 0S,25-90-30,90-25,90,25,2024-07-25,NA,0.216995016571078,NA
25-July-2024 (Day 10)/TG10-01136-2024-07-25T152500_04,4,15H 25M 0S,25-90-30,90-25,90,25,2024-07-25,NA,0.204006979046972,NA
25-July-2024 (Day 10)/TG10-01136-2024-07-25T152900_30,30,15H 29M 0S,35-50-30,50-35,50,35,2024-07-25,NA,0.616543992601099,NA
25-July-2024 (Day 10)/TG10-01136-2024-07-25T153200_36,36,15H 32M 0S,35-20-30,20-35,20,35,2024-07-25,NA,0.335557970071808,NA
25-July-2024 (Day 10)/TG10-01136-2024-07-25T153500_28,28,15H 35M 0S,35-50-30,50-35,50,35,2024-07-25,NA,0.920366256079803,NA
25-July-2024 (Day 10)/TG10-01136-2024-07-25T153800_12,12,15H 38M 0S,25-20-30,50-25,50,25,2024-07-25,NA,1.05684834757036,NA
25-July-2024 (Day 10)/TG10-01136-2024-07-25T154100_16,16,15H 41M 0S,25-20-30,20-25,20,25,2024-07-25,NA,0.347279266758901,NA
25-July-2024 (Day 10)/TG10-01136-2024-07-25T154400_17,17,15H 44M 0S,25-20-30,20-25,20,25,2024-07-25,NA,0.417619747541427,NA
25-July-2024 (Day 10)/TG10-01136-2024-07-25T154700_29,29,15H 47M 0S,35-50-30,50-35,50,35,2024-07-25,NA,0.825236418988457,NA
25-July-2024 (Day 10)/TG10-01136-2024-07-25T155300_23,23,15H 53M 0S,35-90-30,90-35,90,35,2024-07-25,NA,0.486748200352664,NA
25-July-2024 (Day 10)/TG10-01136-2024-07-25T155700_24,24,15H 57M 0S,35-90-30,90-35,90,35,2024-07-25,NA,0.385872219853886,NA
25-July-2024 (Day 10)/TG10-01136-2024-07-25T160100_31,31,16H 1M 0S,35-50-35,20-35,20,35,2024-07-25,NA,0.551938278274697,NA
25-July-2024 (Day 10)/TG10-01136-2024-07-25T160400_25,25,16H 4M 0S,35-50-35,50-35,50,35,2024-07-25,NA,1.49951809331413,NA
25-July-2024 (Day 10)/TG10-01136-2024-07-25T160700_20,20,16H 7M 0S,35-90-35,90-35,90,35,2024-07-25,NA,0.53066775821415,NA
25-July-2024 (Day 10)/TG10-01136-2024-07-25T161100_19,19,16H 11M 0S,35-90-35,90-35,90,35,2024-07-25,NA,0.615550226128405,NA
25-July-2024 (Day 10)/TG10-01136-2024-07-25T161600_33,33,16H 16M 0S,35-20-35,20-35,20,35,2024-07-25,NA,0.466281532970734,NA
25-July-2024 (Day 10)/TG10-01136-2024-07-25T162500_26,26,16H 25M 0S,35-50-35,50-35,50,35,2024-07-25,NA,0.900933693704243,NA
25-July-2024 (Day 10)/TG10-01136-2024-07-25T162900_21,21,16H 29M 0S,35-90-35,90-35,90,35,2024-07-25,NA,0.72257924845093,NA
25-July-2024 (Day 10)/TG10-01136-2024-07-25T163900_32,32,16H 39M 0S,35-20-35,20-35,20,35,2024-07-25,NA,0.651551593836056,NA
26-July-2024 (Day 11)/TG10-01136-2024-07-26T090100_01,1,9H 1M 0S,25-90-25,90-25,90,25,2024-07-26,NA,0.129740983669833,NA
26-July-2024 (Day 11)/TG10-01136-2024-07-26T090600_02,2,9H 6M 0S,25-90-25,90-25,90,25,2024-07-26,NA,0.168862161611703,NA
26-July-2024 (Day 11)/TG10-01136-2024-07-26T090900_03,3,9H 9M 0S,25-90-25,90-25,90,25,2024-07-26,NA,0.27037741298448,NA
26-July-2024 (Day 11)/TG10-01136-2024-07-26T091400_07,7,9H 14M 0S,25-50-25,50-25,50,25,2024-07-26,NA,0.527012894600596,NA
26-July-2024 (Day 11)/TG10-01136-2024-07-26T091700_08,8,9H 17M 0S,25-50-25,50-25,50,25,2024-07-26,NA,0.545820926983129,NA
26-July-2024 (Day 11)/TG10-01136-2024-07-26T092100_09,9,9H 21M 0S,25-50-25,50-25,50,25,2024-07-26,NA,0.596102402408133,NA
26-July-2024 (Day 11)/TG10-01136-2024-07-26T092400_13,13,9H 24M 0S,25-20-25,20-25,20,25,2024-07-26,NA,0.223019238546818,NA
26-July-2024 (Day 11)/TG10-01136-2024-07-26T092700_14,14,9H 27M 0S,25-20-25,20-25,20,25,2024-07-26,NA,0.303403850898147,NA
26-July-2024 (Day 11)/TG10-01136-2024-07-26T093000_15,15,9H 30M 0S,25-20-25,20-25,20,25,2024-07-26,NA,0.360727080090754,NA
26-July-2024 (Day 11)/TG10-01136-2024-07-26T093300_04,4,9H 33M 0S,25-90-30,90-25,90,25,2024-07-26,NA,0.255935566605188,NA
26-July-2024 (Day 11)/TG10-01136-2024-07-26T093600_05,5,9H 36M 0S,25-90-30,90-25,90,25,2024-07-26,NA,0.304691478220528,NA
26-July-2024 (Day 11)/TG10-01136-2024-07-26T094000_06,6,9H 40M 0S,25-90-30,90-25,90,25,2024-07-26,NA,0.261829707324446,NA
26-July-2024 (Day 11)/TG10-01136-2024-07-26T094300_35,35,9H 43M 0S,35-20-30,20-35,20,35,2024-07-26,NA,0.4487574579751,NA
26-July-2024 (Day 11)/TG10-01136-2024-07-26T094600_34,34,9H 46M 0S,35-20-30,20-35,20,35,2024-07-26,NA,0.261235168405791,NA
26-July-2024 (Day 11)/TG10-01136-2024-07-26T094900_36,36,9H 49M 0S,35-20-30,20-35,20,35,2024-07-26,NA,0.343067526706131,NA
26-July-2024 (Day 11)/TG10-01136-2024-07-26T095200_30,30,9H 52M 0S,35-50-30,50-35,50,35,2024-07-26,NA,0.546540370201326,NA
26-July-2024 (Day 11)/TG10-01136-2024-07-26T095500_10,10,9H 55M 0S,25-50-30,50-25,50,25,2024-07-26,NA,0.865458955954263,NA
26-July-2024 (Day 11)/TG10-01136-2024-07-26T095800_11,11,9H 58M 0S,25-50-30,50-25,50,25,2024-07-26,NA,0.693942125507357,NA
26-July-2024 (Day 11)/TG10-01136-2024-07-26T100200_12,12,10H 2M 0S,25-50-30,50-25,50,25,2024-07-26,NA,1.00800674742885,NA
26-July-2024 (Day 11)/TG10-01136-2024-07-26T100500_22,22,10H 5M 0S,35-90-30,90-35,90,35,2024-07-26,NA,0.216370048257295,NA
26-July-2024 (Day 11)/TG10-01136-2024-07-26T100800_24,24,10H 8M 0S,35-90-30,90-35,90,35,2024-07-26,NA,0.393113021840366,NA
26-July-2024 (Day 11)/TG10-01136-2024-07-26T101400_28,28,10H 14M 0S,35-50-30,50-35,50,35,2024-07-26,NA,0.963736382045203,NA
26-July-2024 (Day 11)/TG10-01136-2024-07-26T101700_17,17,10H 17M 0S,25-20-30,20-25,20,25,2024-07-26,NA,0.220959722800605,NA
26-July-2024 (Day 11)/TG10-01136-2024-07-26T102000_16,16,10H 20M 0S,25-20-30,20-25,20,25,2024-07-26,NA,0.285555918189013,NA
26-July-2024 (Day 11)/TG10-01136-2024-07-26T102700_29,29,10H 27M 0S,35-50-30,50-35,50,35,2024-07-26,NA,0.771872323559757,NA
26-July-2024 (Day 11)/TG10-01136-2024-07-26T103000_18,18,10H 30M 0S,25-20-30,20-25,20,25,2024-07-26,NA,0.276709213804079,NA
26-July-2024 (Day 11)/TG10-01136-2024-07-26T104000_20,20,10H 40M 0S,35-90-35,90-35,90,35,2024-07-26,NA,0.582377318615872,NA
26-July-2024 (Day 11)/TG10-01136-2024-07-26T104300_25,25,10H 43M 0S,35-50-35,50-35,50,35,2024-07-26,NA,1.55822096670257,NA
26-July-2024 (Day 11)/TG10-01136-2024-07-26T104900_23,23,10H 49M 0S,35-90-30,90-35,90,35,2024-07-26,NA,0.402312431397564,NA
26-July-2024 (Day 11)/TG10-01136-2024-07-26T105300_26,26,10H 53M 0S,35-50-35,50-35,50,35,2024-07-26,NA,1.03185333934512,NA
26-July-2024 (Day 11)/TG10-01136-2024-07-26T105700_31,31,10H 57M 0S,35-20-35,20-35,20,35,2024-07-26,NA,0.446005417745873,NA
26-July-2024 (Day 11)/TG10-01136-2024-07-26T110100_32,32,11H 1M 0S,35-20-35,20-35,20,35,2024-07-26,NA,0.42359837183023,NA
26-July-2024 (Day 11)/TG10-01136-2024-07-26T110400_21,21,11H 4M 0S,35-90-35,90-35,90,35,2024-07-26,NA,0.687632577300345,NA
26-July-2024 (Day 11)/TG10-01136-2024-07-26T110700_19,19,11H 7M 0S,35-90-35,90-35,90,35,2024-07-26,NA,0.482707098639806,NA
26-July-2024 (Day 11)/TG10-01136-2024-07-26T111100_27,27,11H 11M 0S,35-50-35,50-35,50,35,2024-07-26,NA,0.973715181131781,NA
26-July-2024 (Day 11)/TG10-01136-2024-07-26T111800_33,33,11H 18M 0S,35-20-35,20-35,20,35,2024-07-26,NA,0.492677218088609,NA
29-July-2024-1h_WETUP/TG10-01136-2024-07-29T125700_01,1,12H 57M 0S,25-90,90-25,90,25,2024-07-29,one_hour,0.0184703543098338,150
29-July-2024-1h_WETUP/TG10-01136-2024-07-29T130100_02,2,13H 1M 0S,25-90,90-25,90,25,2024-07-29,one_hour,0.0298082786648128,150
29-July-2024-1h_WETUP/TG10-01136-2024-07-29T130500_03,3,13H 5M 0S,25-90,90-25,90,25,2024-07-29,one_hour,0.0247199371029574,150
29-July-2024-1h_WETUP/TG10-01136-2024-07-29T130800_07,7,13H 8M 0S,25-50,50-25,50,25,2024-07-29,one_hour,0.0247573857979376,150
29-July-2024-1h_WETUP/TG10-01136-2024-07-29T131100_08,8,13H 11M 0S,25-50,50-25,50,25,2024-07-29,one_hour,0.0228472261799858,150
29-July-2024-1h_WETUP/TG10-01136-2024-07-29T131400_09,9,13H 14M 0S,25-50,50-25,50,25,2024-07-29,one_hour,0.0180378209507816,150
29-July-2024-1h_WETUP/TG10-01136-2024-07-29T131800_13,13,13H 18M 0S,25-20,20-25,20,25,2024-07-29,one_hour,0.0491666056650079,150
29-July-2024-1h_WETUP/TG10-01136-2024-07-29T132300_14,14,13H 23M 0S,25-20,20-25,20,25,2024-07-29,one_hour,0.0448845358663586,150
29-July-2024-1h_WETUP/TG10-01136-2024-07-29T132800_15,15,13H 28M 0S,25-20,20-25,20,25,2024-07-29,one_hour,0.0472256963212122,150
29-July-2024-1h_WETUP/TG10-01136-2024-07-29T133200_25,25,13H 32M 0S,35-50,50-35,50,35,2024-07-29,one_hour,0.0363127301752899,150
29-July-2024-1h_WETUP/TG10-01136-2024-07-29T133700_26,26,13H 37M 0S,35-50,50-35,50,35,2024-07-29,one_hour,0.0321740255068505,150
29-July-2024-1h_WETUP/TG10-01136-2024-07-29T134200_32,32,13H 42M 0S,35-20,20-35,20,35,2024-07-29,one_hour,0.0580416975059987,150
29-July-2024-1h_WETUP/TG10-01136-2024-07-29T134500_27,27,13H 45M 0S,35-50,50-35,50,35,2024-07-29,one_hour,0.041385720767752,150
29-July-2024-1h_WETUP/TG10-01136-2024-07-29T135100_31,31,13H 51M 0S,35-20,20-35,20,35,2024-07-29,one_hour,0.0779686558377842,150
29-July-2024-1h_WETUP/TG10-01136-2024-07-29T135400_19,19,13H 54M 0S,35-90,90-35,90,35,2024-07-29,one_hour,0.0417386497900388,150
29-July-2024-1h_WETUP/TG10-01136-2024-07-29T135800_33,33,13H 58M 0S,35-20,20-35,20,35,2024-07-29,one_hour,0.111740501909127,150
29-July-2024-1h_WETUP/TG10-01136-2024-07-29T140100_20,20,14H 1M 0S,35-90,90-35,90,35,2024-07-29,one_hour,0.0305295228259158,150
29-July-2024-1h_WETUP/TG10-01136-2024-07-29T140400_21,21,14H 4M 0S,35-90,90-35,90,35,2024-07-29,one_hour,0.0330238538271233,150
29-July-2024-2min_WETUP/TG10-01136-2024-07-29T112600_01,1,11H 26M 0S,25-90,90-25,90,25,2024-07-29,two_min,0.0230728675052359,90
29-July-2024-2min_WETUP/TG10-01136-2024-07-29T113100_02,2,11H 31M 0S,25-90,90-25,90,25,2024-07-29,two_min,0.0242800836418882,90
29-July-2024-2min_WETUP/TG10-01136-2024-07-29T113600_03,3,11H 36M 0S,25-90,90-25,90,25,2024-07-29,two_min,0.0199087447198306,90
29-July-2024-2min_WETUP/TG10-01136-2024-07-29T113900_07,7,11H 39M 0S,25-50,50-25,50,25,2024-07-29,two_min,0.0216286282122714,90
29-July-2024-2min_WETUP/TG10-01136-2024-07-29T114300_08,8,11H 43M 0S,25-50,50-25,50,25,2024-07-29,two_min,0.0175826365302223,90
29-July-2024-2min_WETUP/TG10-01136-2024-07-29T114700_09,9,11H 47M 0S,25-50,50-25,50,25,2024-07-29,two_min,0.0232735454874095,90
29-July-2024-2min_WETUP/TG10-01136-2024-07-29T115400_13,13,11H 54M 0S,25-20,20-25,20,25,2024-07-29,two_min,0.0179308274481752,90
29-July-2024-2min_WETUP/TG10-01136-2024-07-29T115900_14,14,11H 59M 0S,25-20,20-25,20,25,2024-07-29,two_min,0.0177896041380492,90
29-July-2024-2min_WETUP/TG10-01136-2024-07-29T120700_25,25,12H 7M 0S,35-50,50-35,50,35,2024-07-29,two_min,0.0135804106572903,90
29-July-2024-2min_WETUP/TG10-01136-2024-07-29T121000_15,15,12H 10M 0S,25-20,20-25,20,25,2024-07-29,two_min,0.0220289532480692,90
29-July-2024-2min_WETUP/TG10-01136-2024-07-29T121700_26,26,12H 17M 0S,35-50,50-35,50,35,2024-07-29,two_min,0.00987120906768396,90
29-July-2024-2min_WETUP/TG10-01136-2024-07-29T122100_32,32,12H 21M 0S,35-20,20-35,20,35,2024-07-29,two_min,0.018114197817654,90
29-July-2024-2min_WETUP/TG10-01136-2024-07-29T122600_33,33,12H 26M 0S,35-20,20-35,20,35,2024-07-29,two_min,0.0100627201246188,90
29-July-2024-2min_WETUP/TG10-01136-2024-07-29T123000_21,21,12H 30M 0S,35-90,90-35,90,35,2024-07-29,two_min,0.0117335990333717,90
29-July-2024-2min_WETUP/TG10-01136-2024-07-29T123500_20,20,12H 35M 0S,35-90,90-35,90,35,2024-07-29,two_min,0.0289536096254221,90
29-July-2024-2min_WETUP/TG10-01136-2024-07-29T124000_31,31,12H 40M 0S,35-20,20-35,20,35,2024-07-29,two_min,0.00448218511468516,90
29-July-2024-2min_WETUP/TG10-01136-2024-07-29T124500_19,19,12H 45M 0S,35-90,90-35,90,35,2024-07-29,two_min,0.0328889120498131,90
29-July-2024-2min_WETUP/TG10-01136-2024-07-29T125000_27,27,12H 50M 0S,35-50,50-35,50,35,2024-07-29,two_min,0.0275242692373832,90
29-July-2024-4h_WETUP/TG10-01136-2024-07-29T153600_01,1,15H 36M 0S,25-90,90-25,90,25,2024-07-29,four_hour,0.0335248151014533,260
29-July-2024-4h_WETUP/TG10-01136-2024-07-29T153900_02,2,15H 39M 0S,25-90,90-25,90,25,2024-07-29,four_hour,0.0454264301255072,260
29-July-2024-4h_WETUP/TG10-01136-2024-07-29T154300_03,3,15H 43M 0S,25-90,90-25,90,25,2024-07-29,four_hour,0.0312555665187004,260
29-July-2024-4h_WETUP/TG10-01136-2024-07-29T154600_07,7,15H 46M 0S,25-50,50-25,50,25,2024-07-29,four_hour,0.0344995153770409,260
29-July-2024-4h_WETUP/TG10-01136-2024-07-29T154900_08,8,15H 49M 0S,25-50,50-25,50,25,2024-07-29,four_hour,0.0344407715367242,260
29-July-2024-4h_WETUP/TG10-01136-2024-07-29T155400_09,9,15H 54M 0S,25-50,50-25,50,25,2024-07-29,four_hour,0.0565931921035136,260
29-July-2024-4h_WETUP/TG10-01136-2024-07-29T155700_13,13,15H 57M 0S,25-20,20-25,20,25,2024-07-29,four_hour,0.0935565796851894,260
29-July-2024-4h_WETUP/TG10-01136-2024-07-29T160000_14,14,16H 0M 0S,25-20,20-25,20,25,2024-07-29,four_hour,0.0653951218550147,260
29-July-2024-4h_WETUP/TG10-01136-2024-07-29T160300_15,15,16H 3M 0S,25-20,20-25,20,25,2024-07-29,four_hour,0.0644704304887572,260
29-July-2024-4h_WETUP/TG10-01136-2024-07-29T161000_25,25,16H 10M 0S,35-50,50-35,50,35,2024-07-29,four_hour,0.0723691858256494,260
29-July-2024-4h_WETUP/TG10-01136-2024-07-29T161300_21,21,16H 13M 0S,35-90,90-35,90,35,2024-07-29,four_hour,0.0450165466122871,260
29-July-2024-4h_WETUP/TG10-01136-2024-07-29T161600_27,27,16H 16M 0S,35-50,50-35,50,35,2024-07-29,four_hour,0.0842163043015366,260
29-July-2024-4h_WETUP/TG10-01136-2024-07-29T161900_19,19,16H 19M 0S,35-90,90-35,90,35,2024-07-29,four_hour,0.0579486916171242,260
29-July-2024-4h_WETUP/TG10-01136-2024-07-29T162300_20,20,16H 23M 0S,35-90,90-35,90,35,2024-07-29,four_hour,0.0399178992850877,260
29-July-2024-4h_WETUP/TG10-01136-2024-07-29T162700_31,31,16H 27M 0S,35-20,20-35,20,35,2024-07-29,four_hour,0.141280583852175,260
29-July-2024-4h_WETUP/TG10-01136-2024-07-29T163100_32,32,16H 31M 0S,35-20,20-35,20,35,2024-07-29,four_hour,0.121963816640987,260
29-July-2024-4h_WETUP/TG10-01136-2024-07-29T163400_33,33,16H 34M 0S,35-20,20-35,20,35,2024-07-29,four_hour,0.186465265425441,260
29-July-2024-4h_WETUP/TG10-01136-2024-07-29T163800_26,26,16H 38M 0S,35-50,50-35,50,35,2024-07-29,four_hour,0.0443848068004968,260
29-July-2024-8h_WETUP/TG10-01136-2024-07-29T193100_01,1,19H 31M 0S,25-90,90-25,90,25,2024-07-29,eight_hour,0.0385052217974118,480
29-July-2024-8h_WETUP/TG10-01136-2024-07-29T193500_02,2,19H 35M 0S,25-90,90-25,90,25,2024-07-29,eight_hour,0.055017309605415,480
29-July-2024-8h_WETUP/TG10-01136-2024-07-29T193800_03,3,19H 38M 0S,25-90,90-25,90,25,2024-07-29,eight_hour,0.031096075914616,480
29-July-2024-8h_WETUP/TG10-01136-2024-07-29T194100_07,7,19H 41M 0S,25-50,50-25,50,25,2024-07-29,eight_hour,0.0404250920708661,480
29-July-2024-8h_WETUP/TG10-01136-2024-07-29T194400_08,8,19H 44M 0S,25-50,50-25,50,25,2024-07-29,eight_hour,0.0449718206002498,480
29-July-2024-8h_WETUP/TG10-01136-2024-07-29T194800_09,9,19H 48M 0S,25-50,50-25,50,25,2024-07-29,eight_hour,0.0395364350851656,480
29-July-2024-8h_WETUP/TG10-01136-2024-07-29T195100_13,13,19H 51M 0S,25-20,20-25,20,25,2024-07-29,eight_hour,0.130806874318535,480
29-July-2024-8h_WETUP/TG10-01136-2024-07-29T195400_14,14,19H 54M 0S,25-20,20-25,20,25,2024-07-29,eight_hour,0.074719892105322,480
29-July-2024-8h_WETUP/TG10-01136-2024-07-29T195800_15,15,19H 58M 0S,25-20,20-25,20,25,2024-07-29,eight_hour,0.0799173673682084,480
29-July-2024-8h_WETUP/TG10-01136-2024-07-29T200200_25,25,20H 2M 0S,35-50,50-35,50,35,2024-07-29,eight_hour,0.08401232561249,480
29-July-2024-8h_WETUP/TG10-01136-2024-07-29T200600_26,26,20H 6M 0S,35-50,50-35,50,35,2024-07-29,eight_hour,0.0664556445246325,480
29-July-2024-8h_WETUP/TG10-01136-2024-07-29T200900_32,32,20H 9M 0S,35-20,20-35,20,35,2024-07-29,eight_hour,0.178847800278741,480
29-July-2024-8h_WETUP/TG10-01136-2024-07-29T201500_33,33,20H 15M 0S,35-20,20-35,20,35,2024-07-29,eight_hour,0.237117561340261,480
29-July-2024-8h_WETUP/TG10-01136-2024-07-29T201900_21,21,20H 19M 0S,35-90,90-35,90,35,2024-07-29,eight_hour,0.0656203023291588,480
29-July-2024-8h_WETUP/TG10-01136-2024-07-29T202200_20,20,20H 22M 0S,35-90,90-35,90,35,2024-07-29,eight_hour,0.0647454266984781,480
29-July-2024-8h_WETUP/TG10-01136-2024-07-29T202500_31,31,20H 25M 0S,35-20,20-35,20,35,2024-07-29,eight_hour,0.225363850341159,480
29-July-2024-8h_WETUP/TG10-01136-2024-07-29T202900_19,19,20H 29M 0S,35-90,90-35,90,35,2024-07-29,eight_hour,0.111463186823897,480
29-July-2024-8h_WETUP/TG10-01136-2024-07-29T203200_27,27,20H 32M 0S,35-50,50-35,50,35,2024-07-29,eight_hour,0.118402771864444,480
29-July-2024-PRE_WETUP/TG10-01136-2024-07-29T093700_08,8,9H 37M 0S,25-50,50-25,50,25,2024-07-29,PRE_WET,0.541924612818645,0
29-July-2024-PRE_WETUP/TG10-01136-2024-07-29T094000_14,14,9H 40M 0S,25-20,20-25,20,25,2024-07-29,PRE_WET,0.118680850227601,0
29-July-2024-PRE_WETUP/TG10-01136-2024-07-29T094600_13,13,9H 46M 0S,25-20,20-25,20,25,2024-07-29,PRE_WET,0.123166745642284,0
29-July-2024-PRE_WETUP/TG10-01136-2024-07-29T094900_15,15,9H 49M 0S,25-20,20-25,20,25,2024-07-29,PRE_WET,0.106316216651674,0
29-July-2024-PRE_WETUP/TG10-01136-2024-07-29T095300_09,9,9H 53M 0S,25-50,50-25,50,25,2024-07-29,PRE_WET,0.548912774865281,0
29-July-2024-PRE_WETUP/TG10-01136-2024-07-29T095900_07,7,9H 59M 0S,25-50,50-25,50,25,2024-07-29,PRE_WET,0.259880125664011,0
29-July-2024-PRE_WETUP/TG10-01136-2024-07-29T100300_01,1,10H 3M 0S,25-90,90-25,90,25,2024-07-29,PRE_WET,0.0976379776188419,0
29-July-2024-PRE_WETUP/TG10-01136-2024-07-29T100600_02,2,10H 6M 0S,25-90,90-25,90,25,2024-07-29,PRE_WET,0.152268117485401,0
29-July-2024-PRE_WETUP/TG10-01136-2024-07-29T101000_03,3,10H 10M 0S,25-90,90-25,90,25,2024-07-29,PRE_WET,0.189770703433664,0
29-July-2024-PRE_WETUP/TG10-01136-2024-07-29T101500_19,19,10H 15M 0S,35-90,90-35,90,35,2024-07-29,PRE_WET,0.330018954618161,0
29-July-2024-PRE_WETUP/TG10-01136-2024-07-29T101800_25,25,10H 18M 0S,35-50,50-35,50,35,2024-07-29,PRE_WET,1.10135024544607,0
29-July-2024-PRE_WETUP/TG10-01136-2024-07-29T102200_26,26,10H 22M 0S,35-50,50-35,50,35,2024-07-29,PRE_WET,0.466395582012299,0
29-July-2024-PRE_WETUP/TG10-01136-2024-07-29T102500_21,21,10H 25M 0S,35-90,90-35,90,35,2024-07-29,PRE_WET,0.448086798848827,0
29-July-2024-PRE_WETUP/TG10-01136-2024-07-29T103000_31,31,10H 30M 0S,35-20,20-35,20,35,2024-07-29,PRE_WET,0.209143863778593,0
29-July-2024-PRE_WETUP/TG10-01136-2024-07-29T103400_20,20,10H 34M 0S,35-90,90-35,90,35,2024-07-29,PRE_WET,0.422558970972502,0
29-July-2024-PRE_WETUP/TG10-01136-2024-07-29T104200_27,27,10H 42M 0S,35-50,50-35,50,35,2024-07-29,PRE_WET,0.679715756526283,0
29-July-2024-PRE_WETUP/TG10-01136-2024-07-29T104600_33,33,10H 46M 0S,35-20,20-35,20,35,2024-07-29,PRE_WET,0.155961407237533,0
29-July-2024-PRE_WETUP/TG10-01136-2024-07-29T104900_32,32,10H 49M 0S,35-20,20-35,20,35,2024-07-29,PRE_WET,0.263258811051357,0
30-july-2024-24hr_WETUP/TG10-01136-2024-07-30T113300_01,1,11H 33M 0S,25-90,90-25,90,25,2024-07-30,twenty_four_hour,0.0496630596992511,1440
30-july-2024-24hr_WETUP/TG10-01136-2024-07-30T113600_02,2,11H 36M 0S,25-90,90-25,90,25,2024-07-30,twenty_four_hour,0.0606221415794593,1440
30-july-2024-24hr_WETUP/TG10-01136-2024-07-30T114100_03,3,11H 41M 0S,25-90,90-25,90,25,2024-07-30,twenty_four_hour,0.0518634825458526,1440
30-july-2024-24hr_WETUP/TG10-01136-2024-07-30T114400_07,7,11H 44M 0S,25-50,50-25,50,25,2024-07-30,twenty_four_hour,0.055115109963716,1440
30-july-2024-24hr_WETUP/TG10-01136-2024-07-30T114700_08,8,11H 47M 0S,25-50,50-25,50,25,2024-07-30,twenty_four_hour,0.0616137630482028,1440
30-july-2024-24hr_WETUP/TG10-01136-2024-07-30T115000_09,9,11H 50M 0S,25-50,50-25,50,25,2024-07-30,twenty_four_hour,0.0700147000776705,1440
30-july-2024-24hr_WETUP/TG10-01136-2024-07-30T115300_13,13,11H 53M 0S,25-20,20-25,20,25,2024-07-30,twenty_four_hour,0.200364053762735,1440
30-july-2024-24hr_WETUP/TG10-01136-2024-07-30T120200_15,15,12H 2M 0S,25-20,20-25,20,25,2024-07-30,twenty_four_hour,0.141741216781007,1440
30-july-2024-24hr_WETUP/TG10-01136-2024-07-30T120500_14,14,12H 5M 0S,25-20,20-25,20,25,2024-07-30,twenty_four_hour,0.155773953745834,1440
30-july-2024-24hr_WETUP/TG10-01136-2024-07-30T120800_26,26,12H 8M 0S,35-50,50-35,50,35,2024-07-30,twenty_four_hour,0.133881043491845,1440
30-july-2024-24hr_WETUP/TG10-01136-2024-07-30T121100_27,27,12H 11M 0S,35-50,50-35,50,35,2024-07-30,twenty_four_hour,0.126760749572765,1440
30-july-2024-24hr_WETUP/TG10-01136-2024-07-30T121400_31,31,12H 14M 0S,35-20,20-35,20,35,2024-07-30,twenty_four_hour,0.289488680905623,1440
30-july-2024-24hr_WETUP/TG10-01136-2024-07-30T121700_25,25,12H 17M 0S,35-50,50-35,50,35,2024-07-30,twenty_four_hour,0.161409472722469,1440
30-july-2024-24hr_WETUP/TG10-01136-2024-07-30T122000_32,32,12H 20M 0S,35-20,20-35,20,35,2024-07-30,twenty_four_hour,0.299600526187734,1440
30-july-2024-24hr_WETUP/TG10-01136-2024-07-30T122400_19,19,12H 24M 0S,35-90,90-35,90,35,2024-07-30,twenty_four_hour,0.104778504844601,1440
30-july-2024-24hr_WETUP/TG10-01136-2024-07-30T122700_33,33,12H 27M 0S,35-20,20-35,20,35,2024-07-30,twenty_four_hour,0.315956161672473,1440
30-july-2024-24hr_WETUP/TG10-01136-2024-07-30T123000_21,21,12H 30M 0S,35-90,90-35,90,35,2024-07-30,twenty_four_hour,0.0985252989246676,1440
30-july-2024-24hr_WETUP/TG10-01136-2024-07-30T123500_20,20,12H 35M 0S,35-90,90-35,90,35,2024-07-30,twenty_four_hour,0.163644991109482,1440
