,Model,Intercept_CO2,TIME_CO2,TIME_CO2_pvalue,Intercept_CH4,TIME_CH4,TIME_CH4_pvalue,Date,TimeLog,JarID,Time,T.Air,A.Pressure,Volume,Area,STAGE_1,STAGE_2,STAGE_3,PRE_WET,two_min,one_hour,four_hour,eight_hour,tweny_four_hour
1,16-July-2024 (Day 1)/TG10-01136-2024-07-16T151100_01,-20590.64828,0.385824157,1.26272287228425e-143,1815.169371,0.002380775,2.31450275334914e-12,7/16/24,151100,01,15H 11M 0S,28.35,765.9,160,27.8,90,NA,NA,NA,NA,NA,NA,NA,NA
2,16-July-2024 (Day 1)/TG10-01136-2024-07-16T151600_02,-31123.1456,0.575279214,6.29853061915043e-148,2036.769606,-0.001688506,1.13953752084282e-05,7/16/24,151600,02,15H 16M 0S,28.35,765.9,160,27.8,90,NA,NA,NA,NA,NA,NA,NA,NA
3,16-July-2024 (Day 1)/TG10-01136-2024-07-16T152100_03,-16280.61626,0.304163399,3.88792877937237e-152,1868.659731,0.001391546,1.1732129265361e-06,7/16/24,152100,03,15H 21M 0S,28.35,765.9,160,27.8,90,NA,NA,NA,NA,NA,NA,NA,NA
4,16-July-2024 (Day 1)/TG10-01136-2024-07-16T152400_04,-29949.60601,0.548069726,2.35383819530457e-184,2053.669344,-0.001993836,6.23238072324741e-10,7/16/24,152400,04,15H 24M 0S,28.35,765.9,160,27.8,90,NA,NA,NA,NA,NA,NA,NA,NA
5,16-July-2024 (Day 1)/TG10-01136-2024-07-16T153100_05,-38356.35796,0.695697128,1.24726331714786e-200,2294.700843,-0.006245766,1.2384066891901e-41,7/16/24,153100,05,15H 31M 0S,28.35,765.9,160,27.8,90,NA,NA,NA,NA,NA,NA,NA,NA
6,16-July-2024 (Day 1)/TG10-01136-2024-07-16T153600_06,-98395.48801,1.760595082,8.23479667435126e-162,2950.480137,-0.017939981,3.22833408903455e-38,7/16/24,153600,06,15H 36M 0S,28.35,765.9,160,27.8,90,NA,NA,NA,NA,NA,NA,NA,NA
7,16-July-2024 (Day 1)/TG10-01136-2024-07-16T154100_07,-89226.93224,1.590406808,9.81526603252031e-118,1880.903543,0.001534142,0.00013089,7/16/24,154100,07,15H 41M 0S,28.35,765.9,160,27.8,50,NA,NA,NA,NA,NA,NA,NA,NA
8,16-July-2024 (Day 1)/TG10-01136-2024-07-16T154500_08,-66885.14443,1.188402994,2.60088752947104e-135,-572.4617625,0.044654789,5.22294060946126e-71,7/16/24,154500,08,15H 45M 0S,28.35,765.9,160,27.8,50,NA,NA,NA,NA,NA,NA,NA,NA
9,16-July-2024 (Day 1)/TG10-01136-2024-07-16T154900_09,-70077.59885,1.238927469,1.8925671268976e-133,640.0711987,0.023255318,2.84085517810462e-65,7/16/24,154900,09,15H 49M 0S,28.35,765.9,160,27.8,50,NA,NA,NA,NA,NA,NA,NA,NA
10,16-July-2024 (Day 1)/TG10-01136-2024-07-16T155300_10,-93345.19919,1.640024761,2.51788290531507e-116,-227.7773815,0.038074311,2.07018202285916e-68,7/16/24,155300,10,15H 53M 0S,28.35,765.9,160,27.8,50,NA,NA,NA,NA,NA,NA,NA,NA
11,16-July-2024 (Day 1)/TG10-01136-2024-07-16T155700_11,-83302.44762,1.458409301,5.34206043100038e-123,529.0582867,0.02474414,5.63073602407922e-66,7/16/24,155700,11,15H 57M 0S,28.35,765.9,160,27.8,50,NA,NA,NA,NA,NA,NA,NA,NA
12,16-July-2024 (Day 1)/TG10-01136-2024-07-16T161700_12,-32888.54093,0.56952837,2.94799693491992e-127,923.6516975,0.017580477,2.22963529816717e-53,7/16/24,161700,12,16H 17M 0S,28.35,765.9,160,27.8,50,NA,NA,NA,NA,NA,NA,NA,NA
13,16-July-2024 (Day 1)/TG10-01136-2024-07-16T162200_13,-23243.06044,0.402697914,2.6646621159447e-87,1420.203271,0.00900569,6.70970836017656e-34,7/16/24,162200,13,16H 22M 0S,28.35,765.9,160,27.8,20,NA,NA,NA,NA,NA,NA,NA,NA
14,16-July-2024 (Day 1)/TG10-01136-2024-07-16T162700_14,-26231.04369,0.451882367,4.38560288953137e-85,1270.341511,0.011854288,4.13873832302454e-32,7/16/24,162700,14,16H 27M 0S,28.35,765.9,160,27.8,20,NA,NA,NA,NA,NA,NA,NA,NA
15,16-July-2024 (Day 1)/TG10-01136-2024-07-16T163200_15,-14181.0087,0.246743998,1.52098486799596e-90,1470.688921,0.008248815,7.86773399578221e-30,7/16/24,163200,15,16H 32M 0S,28.35,765.9,160,27.8,20,NA,NA,NA,NA,NA,NA,NA,NA
16,16-July-2024 (Day 1)/TG10-01136-2024-07-16T163600_16,-16929.27001,0.291677639,2.47976315789355e-98,1525.040027,0.007269001,5.79063737820724e-34,7/16/24,163600,16,16H 36M 0S,28.35,765.9,160,27.8,20,NA,NA,NA,NA,NA,NA,NA,NA
17,16-July-2024 (Day 1)/TG10-01136-2024-07-16T164100_17,-37472.12055,0.632610893,1.46683296442055e-78,1498.194995,0.007641851,5.9276844714263e-29,7/16/24,164100,17,16H 41M 0S,28.35,765.9,160,27.8,20,NA,NA,NA,NA,NA,NA,NA,NA
18,16-July-2024 (Day 1)/TG10-01136-2024-07-16T164600_18,-23532.83519,0.398482015,8.6206728869923e-83,1234.820541,0.012027368,2.08725641191065e-37,7/16/24,164600,18,16H 46M 0S,28.35,765.9,160,27.8,20,NA,NA,NA,NA,NA,NA,NA,NA
19,16-July-2024 (Day 1)/TG10-01136-2024-07-16T165200_19,-61649.60676,1.023803265,1.74527159222498e-164,199.4307064,0.028929413,4.67865673042004e-120,7/16/24,165200,19,16H 52M 0S,28.35,765.9,160,27.8,90,NA,NA,NA,NA,NA,NA,NA,NA
20,16-July-2024 (Day 1)/TG10-01136-2024-07-16T165700_20,-26492.7448,0.442701849,8.21476813296383e-167,2155.859565,-0.003265614,4.73746696902034e-19,7/16/24,165700,20,16H 57M 0S,28.35,765.9,160,27.8,90,NA,NA,NA,NA,NA,NA,NA,NA
21,16-July-2024 (Day 1)/TG10-01136-2024-07-16T170300_21,-18079.43658,0.302979305,3.77673129568025e-141,1856.945104,0.001558867,7.0517483453681e-09,7/16/24,170300,21,17H 3M 0S,28.35,765.9,160,27.8,90,NA,NA,NA,NA,NA,NA,NA,NA
22,16-July-2024 (Day 1)/TG10-01136-2024-07-16T170800_22,-47889.27131,0.784616238,6.78180218565018e-145,2264.552517,-0.005038138,3.13643236837122e-39,7/16/24,170800,22,17H 8M 0S,28.35,765.9,160,27.8,90,NA,NA,NA,NA,NA,NA,NA,NA
23,16-July-2024 (Day 1)/TG10-01136-2024-07-16T171500_23,-79380.09201,1.286934765,4.96912102080995e-177,-58668.7267,0.977129251,6.35192812501673e-163,7/16/24,171500,23,17H 15M 0S,28.35,765.9,160,27.8,90,NA,NA,NA,NA,NA,NA,NA,NA
24,16-July-2024 (Day 1)/TG10-01136-2024-07-16T172000_24,-41496.54583,0.673240686,2.42672556242413e-153,2002.120527,-0.00083444,0.005677442,7/16/24,172000,24,17H 20M 0S,28.35,765.9,160,27.8,90,NA,NA,NA,NA,NA,NA,NA,NA
25,16-July-2024 (Day 1)/TG10-01136-2024-07-16T172500_25,-96042.93871,1.53895565,1.75538530616053e-112,1628.656364,0.005074854,1.33163446301742e-25,7/16/24,172500,25,17H 25M 0S,28.35,765.9,160,27.8,50,NA,NA,NA,NA,NA,NA,NA,NA
26,16-July-2024 (Day 1)/TG10-01136-2024-07-16T173100_26,-70694.62979,1.129457899,4.08621645220052e-124,592.7069094,0.021423181,5.3045932170691e-65,7/16/24,173100,26,17H 31M 0S,28.35,765.9,160,27.8,50,NA,NA,NA,NA,NA,NA,NA,NA
27,16-July-2024 (Day 1)/TG10-01136-2024-07-16T173600_27,-73540.92686,1.168801206,2.49675824566807e-124,1336.363899,0.009574854,1.48749189449974e-45,7/16/24,173600,27,17H 36M 0S,28.35,765.9,160,27.8,50,NA,NA,NA,NA,NA,NA,NA,NA
28,16-July-2024 (Day 1)/TG10-01136-2024-07-16T174200_28,-104264.1686,1.645049756,2.93288786603145e-113,912.3253597,0.016219211,3.169954985567e-50,7/16/24,174200,28,17H 42M 0S,28.35,765.9,160,27.8,50,NA,NA,NA,NA,NA,NA,NA,NA
29,16-July-2024 (Day 1)/TG10-01136-2024-07-16T174900_29,-43587.66656,0.687635104,1.59801692244541e-138,1485.881533,0.00716197,8.61696913909783e-41,7/16/24,174900,29,17H 49M 0S,28.35,765.9,160,27.8,50,NA,NA,NA,NA,NA,NA,NA,NA
30,16-July-2024 (Day 1)/TG10-01136-2024-07-16T175300_30,-78613.91615,1.228348997,1.21467072610928e-118,1681.900584,0.004250576,2.59316407177757e-20,7/16/24,175300,30,17H 53M 0S,28.35,765.9,160,27.8,50,NA,NA,NA,NA,NA,NA,NA,NA
31,16-July-2024 (Day 1)/TG10-01136-2024-07-16T180000_31,-32131.52463,0.504947853,1.94852182646784e-79,1946.137374,0.00109328,0.000484062,7/16/24,180000,31,18H 0M 0S,28.35,765.9,160,27.8,20,NA,NA,NA,NA,NA,NA,NA,NA
32,16-July-2024 (Day 1)/TG10-01136-2024-07-16T180400_32,-23051.987,0.363149309,1.20681564509055e-83,2739.446264,-0.010650183,2.7700534086587e-33,7/16/24,180400,32,18H 4M 0S,28.35,765.9,160,27.8,20,NA,NA,NA,NA,NA,NA,NA,NA
33,16-July-2024 (Day 1)/TG10-01136-2024-07-16T180900_33,-28657.08418,0.447625423,7.29221621958388e-89,2762.418853,-0.010454071,2.38630483033563e-33,7/16/24,180900,33,18H 9M 0S,28.35,765.9,160,27.8,20,NA,NA,NA,NA,NA,NA,NA,NA
34,16-July-2024 (Day 1)/TG10-01136-2024-07-16T181400_34,-24169.78928,0.377475026,1.33383291484003e-84,2057.641928,-0.000443816,0.131397437,7/16/24,181400,34,18H 14M 0S,28.35,765.9,160,27.8,20,NA,NA,NA,NA,NA,NA,NA,NA
35,16-July-2024 (Day 1)/TG10-01136-2024-07-16T181900_35,-19436.73495,0.303755348,1.6393213992014e-91,1927.940687,0.001328078,9.79878796218425e-06,7/16/24,181900,35,18H 19M 0S,28.35,765.9,160,27.8,20,NA,NA,NA,NA,NA,NA,NA,NA
36,16-July-2024 (Day 1)/TG10-01136-2024-07-16T182500_36,-17979.00994,0.280261875,4.48242316845288e-93,2087.781931,-0.001326379,0.000181439,7/16/24,182500,36,18H 25M 0S,28.35,765.9,160,27.8,20,NA,NA,NA,NA,NA,NA,NA,NA
37,16-July-2024 (Day 1)/TG10-01136-2024-07-16T183900_82,-183.9577155,0.011174096,4.13651473981349e-11,1746.734324,0.003271643,1.39643167828026e-20,7/16/24,183900,82,18H 39M 0S,28.35,765.9,160,27.8,BLANK,NA,NA,NA,NA,NA,NA,NA,NA
38,16-July-2024 (Day 1)/TG10-01136-2024-07-16T184400_83,169.3002849,0.006917674,2.88265047229688e-05,1871.809377,0.0015609,1.00683869767572e-07,7/16/24,184400,83,18H 44M 0S,28.35,765.9,160,27.8,BLANK,NA,NA,NA,NA,NA,NA,NA,NA
39,16-July-2024 (Day 1)/TG10-01136-2024-07-16T185100_84,-481.9713524,0.015263697,3.15072834458836e-24,1807.752971,0.002257689,3.37633346401965e-11,7/16/24,185100,84,18H 51M 0S,28.35,765.9,160,27.8,BLANK,NA,NA,NA,NA,NA,NA,NA,NA
40,16-July-2024 (Day 1)/TG10-01136-2024-07-16T185600_85,-296.8445461,0.012946511,5.90907405847817e-15,1800.8592,0.002708576,7.43814965755466e-15,7/16/24,185600,85,18H 56M 0S,28.35,765.9,160,27.8,BLANK,NA,NA,NA,NA,NA,NA,NA,NA
41,17-July-2024 (Day 2)/TG10-01136-2024-07-17T092600_01,-11190.72316,0.346065012,3.8400615090228e-141,1726.720596,0.00731974,2.31192216079431e-41,7/17/24,092600,01,9H 26M 0S,30.69,766.5,160,27.8,90,NA,NA,NA,NA,NA,NA,NA,NA
42,17-July-2024 (Day 2)/TG10-01136-2024-07-17T093200_02,-19354.99712,0.580385408,1.63474201243338e-159,1903.533169,0.002461591,5.29757778379277e-13,7/17/24,093200,02,9H 32M 0S,30.69,766.5,160,27.8,90,NA,NA,NA,NA,NA,NA,NA,NA
43,17-July-2024 (Day 2)/TG10-01136-2024-07-17T093800_03,-16118.34659,0.481958888,5.13515483693288e-140,487.0108614,0.04314368,2.8617090720578e-85,7/17/24,093800,03,9H 38M 0S,30.69,766.5,160,27.8,90,NA,NA,NA,NA,NA,NA,NA,NA
44,17-July-2024 (Day 2)/TG10-01136-2024-07-17T094400_04,-19413.98103,0.570329122,1.12137093380934e-171,1915.419393,0.001622748,2.32034297134008e-06,7/17/24,094400,04,9H 44M 0S,30.69,766.5,160,27.8,90,NA,NA,NA,NA,NA,NA,NA,NA
45,17-July-2024 (Day 2)/TG10-01136-2024-07-17T095000_05,-32044.53535,0.922663765,6.55626568925239e-163,2456.858593,-0.013529874,5.38270193967273e-61,7/17/24,095000,05,9H 50M 0S,30.69,766.5,160,27.8,90,NA,NA,NA,NA,NA,NA,NA,NA
46,17-July-2024 (Day 2)/TG10-01136-2024-07-17T095700_06,-25498.5591,0.729796484,1.88758005159655e-165,2456.654357,-0.01333024,1.31334061847463e-69,7/17/24,095700,06,9H 57M 0S,30.69,766.5,160,27.8,90,NA,NA,NA,NA,NA,NA,NA,NA
47,17-July-2024 (Day 2)/TG10-01136-2024-07-17T100300_07,-42999.72232,1.208329149,4.22763878422962e-120,922.5618531,0.029803143,9.8988674958335e-64,7/17/24,100300,07,10H 3M 0S,30.69,766.5,160,27.8,50,NA,NA,NA,NA,NA,NA,NA,NA
48,17-July-2024 (Day 2)/TG10-01136-2024-07-17T100700_08,-64052.00285,1.775149512,2.47951313149652e-116,-233.7567286,0.060762837,1.51076133435475e-66,7/17/24,100700,08,10H 7M 0S,30.69,766.5,160,27.8,50,NA,NA,NA,NA,NA,NA,NA,NA
49,17-July-2024 (Day 2)/TG10-01136-2024-07-17T101200_09,-43872.27743,1.211933065,2.52097016914332e-128,-213.4343649,0.060123899,5.36639527902751e-76,7/17/24,101200,09,10H 12M 0S,30.69,766.5,160,27.8,50,NA,NA,NA,NA,NA,NA,NA,NA
50,17-July-2024 (Day 2)/TG10-01136-2024-07-17T101700_10,-63394.59285,1.72890716,2.80110963734156e-123,-351.3344226,0.06312417,1.22611567638938e-74,7/17/24,101700,10,10H 17M 0S,30.69,766.5,160,27.8,50,NA,NA,NA,NA,NA,NA,NA,NA
51,17-July-2024 (Day 2)/TG10-01136-2024-07-17T102100_11,-66842.02078,1.806263826,2.76826938032214e-112,-471.9716205,0.065579596,3.71317130845919e-65,7/17/24,102100,11,10H 21M 0S,30.69,766.5,160,27.8,50,NA,NA,NA,NA,NA,NA,NA,NA
52,17-July-2024 (Day 2)/TG10-01136-2024-07-17T102700_12,-68198.12101,1.829333613,3.46482768461227e-112,165.1612569,0.048106286,9.72089258499355e-58,7/17/24,102700,12,10H 27M 0S,30.69,766.5,160,27.8,50,NA,NA,NA,NA,NA,NA,NA,NA
53,17-July-2024 (Day 2)/TG10-01136-2024-07-17T103300_13,-18997.58183,0.517128567,3.40559486303918e-78,1057.091357,0.024262634,5.72116939832225e-33,7/17/24,103300,13,10H 33M 0S,30.69,766.5,160,27.8,20,NA,NA,NA,NA,NA,NA,NA,NA
54,17-July-2024 (Day 2)/TG10-01136-2024-07-17T103900_14,-20354.51156,0.547825193,6.36894814086808e-77,1342.974038,0.016515242,1.90542133521752e-31,7/17/24,103900,14,10H 39M 0S,30.69,766.5,160,27.8,20,NA,NA,NA,NA,NA,NA,NA,NA
55,17-July-2024 (Day 2)/TG10-01136-2024-07-17T104500_15,-19995.43347,0.533495949,6.11354414517614e-78,1244.550693,0.018937949,1.37690297508468e-37,7/17/24,104500,15,10H 45M 0S,30.69,766.5,160,27.8,20,NA,NA,NA,NA,NA,NA,NA,NA
56,17-July-2024 (Day 2)/TG10-01136-2024-07-17T104900_16,-19893.1445,0.52758299,8.34732343937499e-83,1366.90821,0.015927178,1.41820412143177e-34,7/17/24,104900,16,10H 49M 0S,30.69,766.5,160,27.8,20,NA,NA,NA,NA,NA,NA,NA,NA
57,17-July-2024 (Day 2)/TG10-01136-2024-07-17T105000_17,-24125.0301,0.630818974,5.73644105403932e-78,1098.979883,0.022412139,3.30838690916423e-35,7/17/24,105000,17,10H 50M 0S,30.69,766.5,160,27.8,20,NA,NA,NA,NA,NA,NA,NA,NA
58,17-July-2024 (Day 2)/TG10-01136-2024-07-17T110100_18,-22442.7364,0.583255345,4.04092409526533e-76,691.3727133,0.033143002,4.32702421358793e-35,7/17/24,110100,18,11H 1M 0S,30.69,766.5,160,27.8,20,NA,NA,NA,NA,NA,NA,NA,NA
59,17-July-2024 (Day 2)/TG10-01136-2024-07-17T110600_19,-24141.82863,0.619101077,9.32658779294809e-148,1292.196927,0.017082509,1.48648960869047e-75,7/17/24,110600,19,11H 6M 0S,30.69,766.5,160,27.8,90,NA,NA,NA,NA,NA,NA,NA,NA
60,17-July-2024 (Day 2)/TG10-01136-2024-07-17T111100_20,-15325.1656,0.395382507,1.69516529817236e-263,1930.967503,0.001959262,1.58430999485823e-06,7/17/24,111100,20,11H 11M 0S,30.69,766.5,160,27.8,90,NA,NA,NA,NA,NA,NA,NA,NA
61,17-July-2024 (Day 2)/TG10-01136-2024-07-17T111800_21,-13611.11972,0.349671,1.98241648325513e-152,1763.210283,0.005254505,2.2155654882358e-31,7/17/24,111800,21,11H 18M 0S,30.69,766.5,160,27.8,90,NA,NA,NA,NA,NA,NA,NA,NA
62,17-July-2024 (Day 2)/TG10-01136-2024-07-17T112500_22,-44083.2508,1.088011652,2.30405455770919e-146,1961.797245,0.00030294,0.367043652,7/17/24,112500,22,11H 25M 0S,30.69,766.5,160,27.8,90,NA,NA,NA,NA,NA,NA,NA,NA
63,17-July-2024 (Day 2)/TG10-01136-2024-07-17T112900_23,-58293.34031,1.422935402,8.71640640023671e-155,408.18849,0.037697128,3.07406974097897e-125,7/17/24,112900,23,11H 29M 0S,30.69,766.5,160,27.8,90,NA,NA,NA,NA,NA,NA,NA,NA
64,17-July-2024 (Day 2)/TG10-01136-2024-07-17T113500_24,-31507.98642,0.769745908,4.71095654475929e-138,1562.038153,0.009722599,1.09799162483871e-50,7/17/24,113500,24,11H 35M 0S,30.69,766.5,160,27.8,90,NA,NA,NA,NA,NA,NA,NA,NA
65,17-July-2024 (Day 2)/TG10-01136-2024-07-17T114000_25,-70641.37597,1.69548047,1.59924138033312e-107,194.7109049,0.042225782,3.20974177493904e-52,7/17/24,114000,25,11H 40M 0S,30.69,766.5,160,27.8,50,NA,NA,NA,NA,NA,NA,NA,NA
66,17-July-2024 (Day 2)/TG10-01136-2024-07-17T114600_26,-56807.70384,1.356284474,1.1974738011702e-123,-713.4740875,0.063312559,3.48876329741851e-72,7/17/24,114600,26,11H 46M 0S,30.69,766.5,160,27.8,50,NA,NA,NA,NA,NA,NA,NA,NA
67,17-July-2024 (Day 2)/TG10-01136-2024-07-17T115100_27,-53232.77509,1.26268969,1.94443347200281e-121,-446.9963196,0.056609809,1.84845299299921e-68,7/17/24,115100,27,11H 51M 0S,30.69,766.5,160,27.8,50,NA,NA,NA,NA,NA,NA,NA,NA
68,17-July-2024 (Day 2)/TG10-01136-2024-07-17T115500_28,-74536.5424,1.752152445,4.86861663772568e-115,-73.49531568,0.047570112,9.99051095357694e-63,7/17/24,115500,28,11H 55M 0S,30.69,766.5,160,27.8,50,NA,NA,NA,NA,NA,NA,NA,NA
69,17-July-2024 (Day 2)/TG10-01136-2024-07-17T115900_29,-71407.96935,1.66944452,3.21421149132872e-125,-875.2972772,0.065910988,3.29307637334098e-73,7/17/24,115900,29,11H 59M 0S,30.69,766.5,160,27.8,50,NA,NA,NA,NA,NA,NA,NA,NA
70,17-July-2024 (Day 2)/TG10-01136-2024-07-17T120600_30,-45834.87972,1.066859382,4.50491706844757e-120,-603.0241045,0.05926365,3.9992521651785e-62,7/17/24,120600,30,12H 6M 0S,30.69,766.5,160,27.8,50,NA,NA,NA,NA,NA,NA,NA,NA
71,17-July-2024 (Day 2)/TG10-01136-2024-07-17T121200_31,-17980.1917,0.423297683,1.02715960642188e-97,1934.589582,0.000827395,0.009935374,7/17/24,121200,31,12H 12M 0S,30.69,766.5,160,27.8,20,NA,NA,NA,NA,NA,NA,NA,NA
72,17-July-2024 (Day 2)/TG10-01136-2024-07-17T121700_32,-29415.03311,0.681677252,4.41461073240398e-74,1036.047106,0.021526961,3.89282526145787e-30,7/17/24,121700,32,12H 17M 0S,30.69,766.5,160,27.8,20,NA,NA,NA,NA,NA,NA,NA,NA
73,17-July-2024 (Day 2)/TG10-01136-2024-07-17T122300_33,-29791.50237,0.684487285,3.48716442840518e-76,1461.883223,0.011720431,3.71130170484307e-34,7/17/24,122300,33,12H 23M 0S,30.69,766.5,160,27.8,20,NA,NA,NA,NA,NA,NA,NA,NA
74,17-July-2024 (Day 2)/TG10-01136-2024-07-17T122800_34,-32793.35957,0.744769462,2.11994219044356e-73,820.9434132,0.025644628,6.40616864468139e-37,7/17/24,122800,34,12H 28M 0S,30.69,766.5,160,27.8,20,NA,NA,NA,NA,NA,NA,NA,NA
75,17-July-2024 (Day 2)/TG10-01136-2024-07-17T123400_35,-36243.41361,0.815470458,4.36152341506894e-72,682.4380164,0.028481303,1.09477208896006e-33,7/17/24,123400,35,12H 34M 0S,30.69,766.5,160,27.8,20,NA,NA,NA,NA,NA,NA,NA,NA
76,17-July-2024 (Day 2)/TG10-01136-2024-07-17T123900_36,-29141.19856,0.653738254,2.16089716773412e-72,1126.405559,0.018467145,7.54475424692959e-32,7/17/24,123900,36,12H 39M 0S,30.69,766.5,160,27.8,20,NA,NA,NA,NA,NA,NA,NA,NA
77,17-July-2024 (Day 2)/TG10-01136-2024-07-17T124500_82,-1003.879121,0.034675152,4.17975740799146e-42,1776.735829,0.003967281,2.28145160408778e-21,7/17/24,124500,82,12H 45M 0S,30.69,766.5,160,27.8,BLANK,NA,NA,NA,NA,NA,NA,NA,NA
78,17-July-2024 (Day 2)/TG10-01136-2024-07-17T125000_83,-344.7549194,0.02047923,2.08976882168756e-38,1802.170319,0.003466603,8.22735364617178e-22,7/17/24,125000,83,12H 50M 0S,30.69,766.5,160,27.8,BLANK,NA,NA,NA,NA,NA,NA,NA,NA
79,17-July-2024 (Day 2)/TG10-01136-2024-07-17T125600_84,-453.4055442,0.021875749,3.51098303771798e-23,1784.367354,0.00368656,2.73612846030639e-17,7/17/24,125600,84,12H 56M 0S,30.69,766.5,160,27.8,BLANK,NA,NA,NA,NA,NA,NA,NA,NA
80,17-July-2024 (Day 2)/TG10-01136-2024-07-17T130400_85,-298.0435823,0.018177036,2.31159620190671e-18,1819.056479,0.00286804,2.35202656000667e-12,7/17/24,130400,85,13H 4M 0S,30.69,766.5,160,27.8,BLANK,NA,NA,NA,NA,NA,NA,NA,NA
81,20-July-2024 (Day 5)/TG10-01136-2024-07-20T102800_01,-10945.74099,0.302778214,2.33620597411473e-129,1983.033847,0.000387878,0.233205897,7/20/24,102800,01,10H 28M 0S,30.88,767.2,160,27.8,NA,25-90,NA,NA,NA,NA,NA,NA,NA
82,20-July-2024 (Day 5)/TG10-01136-2024-07-20T103400_02,-25527.81178,0.682831783,2.92503590215326e-131,-171.9180112,0.055866083,1.33946298120788e-111,7/20/24,103400,02,10H 34M 0S,30.88,767.2,160,27.8,NA,25-90,NA,NA,NA,NA,NA,NA,NA
83,20-July-2024 (Day 5)/TG10-01136-2024-07-20T104000_03,-12900.62113,0.347821744,5.52040975619691e-156,1213.472757,0.019283725,1.25216112276403e-98,7/20/24,104000,03,10H 40M 0S,30.88,767.2,160,27.8,NA,25-90,NA,NA,NA,NA,NA,NA,NA
84,20-July-2024 (Day 5)/TG10-01136-2024-07-20T104600_04,-18092.25394,0.479204008,1.79948813637378e-150,1274.607518,0.017552087,1.76831684562902e-77,7/20/24,104600,04,10H 46M 0S,30.88,767.2,160,27.8,NA,25-90,NA,NA,NA,NA,NA,NA,NA
85,20-July-2024 (Day 5)/TG10-01136-2024-07-20T105600_05,-17618.38924,0.459877857,5.18982771843866e-155,1907.44567,0.001231012,0.000692462,7/20/24,105600,05,10H 56M 0S,30.88,767.2,160,27.8,NA,25-90,NA,NA,NA,NA,NA,NA,NA
86,20-July-2024 (Day 5)/TG10-01136-2024-07-20T110100_06,-18262.09603,0.472620539,1.0090859865193e-150,1902.716929,0.001427826,1.24552939011219e-05,7/20/24,110100,06,11H 1M 0S,30.88,767.2,160,27.8,NA,25-90,NA,NA,NA,NA,NA,NA,NA
87,20-July-2024 (Day 5)/TG10-01136-2024-07-20T110800_07,-44733.6064,1.128895761,8.00775873392043e-115,612.9266325,0.03385079,2.04202737187532e-72,7/20/24,110800,07,11H 8M 0S,30.88,767.2,160,27.8,NA,25-50,NA,NA,NA,NA,NA,NA,NA
88,20-July-2024 (Day 5)/TG10-01136-2024-07-20T111300_08,-58893.93555,1.471423672,4.55986229413521e-116,911.8390445,0.026237208,8.92744543588694e-67,7/20/24,111300,08,11H 13M 0S,30.88,767.2,160,27.8,NA,25-50,NA,NA,NA,NA,NA,NA,NA
89,20-July-2024 (Day 5)/TG10-01136-2024-07-20T112300_09,-38127.46762,0.941479821,2.92980035173129e-129,1696.020757,0.007005528,3.44575908563901e-42,7/20/24,112300,09,11H 23M 0S,30.88,767.2,160,27.8,NA,25-50,NA,NA,NA,NA,NA,NA,NA
90,20-July-2024 (Day 5)/TG10-01136-2024-07-20T112900_10,-46934.289,1.148218286,3.46772369806196e-121,831.8189261,0.02763678,2.29986070864266e-75,7/20/24,112900,10,11H 29M 0S,30.88,767.2,160,27.8,NA,25-50,NA,NA,NA,NA,NA,NA,NA
91,20-July-2024 (Day 5)/TG10-01136-2024-07-20T113300_11,-43961.35918,1.068820878,1.00206266621203e-115,880.5018536,0.026071522,7.64550232484817e-73,7/20/24,113300,11,11H 33M 0S,30.88,767.2,160,27.8,NA,25-50,NA,NA,NA,NA,NA,NA,NA
92,20-July-2024 (Day 5)/TG10-01136-2024-07-20T113900_12,-53289.259,1.283426755,1.35407350720505e-109,854.0016029,0.026486893,2.6911827941751e-63,7/20/24,113900,12,11H 39M 0S,30.88,767.2,160,27.8,NA,25-50,NA,NA,NA,NA,NA,NA,NA
93,20-July-2024 (Day 5)/TG10-01136-2024-07-20T114500_13,-14439.11194,0.353449083,1.80395785140514e-83,727.7842304,0.029279957,3.92180796024452e-65,7/20/24,114500,13,11H 45M 0S,30.88,767.2,160,27.8,NA,25-20,NA,NA,NA,NA,NA,NA,NA
94,20-July-2024 (Day 5)/TG10-01136-2024-07-20T114900_14,-12506.45082,0.305732411,2.1113265575318e-90,-41.25388608,0.049202501,1.10154056044788e-41,7/20/24,114900,14,11H 49M 0S,30.88,767.2,160,27.8,NA,25-20,NA,NA,NA,NA,NA,NA,NA
95,20-July-2024 (Day 5)/TG10-01136-2024-07-20T115400_15,-14087.82959,0.340777388,1.33755570466163e-80,575.957765,0.032633756,4.62998520238414e-69,7/20/24,115400,15,11H 54M 0S,30.88,767.2,160,27.8,NA,25-20,NA,NA,NA,NA,NA,NA,NA
96,20-July-2024 (Day 5)/TG10-01136-2024-07-20T120400_17,-22892.9768,0.53851883,6.56742753387985e-77,1245.255909,0.016685062,3.82422883895185e-45,7/20/24,120400,17,12H 4M 0S,30.88,767.2,160,27.8,NA,25-20,NA,NA,NA,NA,NA,NA,NA
97,20-July-2024 (Day 5)/TG10-01136-2024-07-20T120900_18,-20708.72596,0.485225169,6.15107411198927e-80,982.8952603,0.022650609,8.36937505048663e-65,7/20/24,120900,18,12H 9M 0S,30.88,767.2,160,27.8,NA,25-20,NA,NA,NA,NA,NA,NA,NA
98,20-July-2024 (Day 5)/TG10-01136-2024-07-20T121300_82,-513.1683251,0.022795242,3.67077603813206e-33,1248.249245,0.016204791,1.73254071243983e-83,7/20/24,121300,82,12H 13M 0S,30.88,767.2,160,27.8,NA,BLANK,NA,NA,NA,NA,NA,NA,NA
99,20-July-2024 (Day 5)/TG10-01136-2024-07-20T122100_83,-225.7999798,0.015951048,7.96924412049419e-23,1546.753603,0.00941468,1.20516889473538e-31,7/20/24,122100,83,12H 21M 0S,30.88,767.2,160,27.8,NA,BLANK,NA,NA,NA,NA,NA,NA,NA
100,20-July-2024 (Day 5)/TG10-01136-2024-07-20T123800_19,-47054.91383,1.045676632,2.43313651744976e-183,-22653.87896,0.540948513,9.69543366993527e-130,7/20/24,123800,19,12H 38M 0S,30.88,767.2,160,27.8,NA,35-90,NA,NA,NA,NA,NA,NA,NA
101,20-July-2024 (Day 5)/TG10-01136-2024-07-20T124400_20,-40081.74741,0.884885177,2.91710159220128e-139,-167.1127365,0.046513593,7.49152805056122e-124,7/20/24,124400,20,12H 44M 0S,30.88,767.2,160,27.8,NA,35-90,NA,NA,NA,NA,NA,NA,NA
102,20-July-2024 (Day 5)/TG10-01136-2024-07-20T125000_21,-79689.78928,1.735580872,1.27360301099776e-181,-59503.83525,1.330091699,3.46203938442895e-212,7/20/24,125000,21,12H 50M 0S,30.88,767.2,160,27.8,NA,35-90,NA,NA,NA,NA,NA,NA,NA
103,20-July-2024 (Day 5)/TG10-01136-2024-07-20T125500_22,-48572.23204,1.054960845,1.9208993877393e-132,1369.470379,0.012889522,8.61093952816439e-70,7/20/24,125500,22,12H 55M 0S,30.88,767.2,160,27.8,NA,35-90,NA,NA,NA,NA,NA,NA,NA
104,20-July-2024 (Day 5)/TG10-01136-2024-07-20T130100_23,-125400.686,2.682299266,2.42097478230843e-30,-3727.185539,0.121270469,5.48875625476996e-16,7/20/24,130100,23,13H 1M 0S,30.88,767.2,160,27.8,NA,35-90,NA,NA,NA,NA,NA,NA,NA
105,20-July-2024 (Day 5)/TG10-01136-2024-07-20T130700_24,-47257.16034,1.010344233,5.64538081166684e-143,157.551259,0.038224611,1.00267907261591e-131,7/20/24,130700,24,13H 7M 0S,30.88,767.2,160,27.8,NA,35-90,NA,NA,NA,NA,NA,NA,NA
106,20-July-2024 (Day 5)/TG10-01136-2024-07-20T131300_25,-162090.1618,3.413129852,9.82574897780699e-92,310.2187989,0.03479015,5.8065678213333e-65,7/20/24,131300,25,13H 13M 0S,30.88,767.2,160,27.8,NA,35-50,NA,NA,NA,NA,NA,NA,NA
107,20-July-2024 (Day 5)/TG10-01136-2024-07-20T132200_26,-98386.87835,2.054897694,2.68330506607227e-109,-889.7408661,0.059759171,3.31048858957254e-83,7/20/24,132200,26,13H 22M 0S,30.88,767.2,160,27.8,NA,35-50,NA,NA,NA,NA,NA,NA,NA
108,20-July-2024 (Day 5)/TG10-01136-2024-07-20T133000_27,-183565.9612,3.790914593,3.42336043923283e-100,-378.0841081,0.048471653,9.45584298287018e-80,7/20/24,133000,27,13H 30M 0S,30.88,767.2,160,27.8,NA,35-50,NA,NA,NA,NA,NA,NA,NA
109,20-July-2024 (Day 5)/TG10-01136-2024-07-20T133800_28,-180932.602,3.700722795,1.15988818301416e-97,487.3624597,0.030465632,1.51721520686456e-71,7/20/24,133800,28,13H 38M 0S,30.88,767.2,160,27.8,NA,35-50,NA,NA,NA,NA,NA,NA,NA
110,20-July-2024 (Day 5)/TG10-01136-2024-07-20T134300_29,-130433.509,2.652814355,1.22367106038651e-109,-401.2731197,0.04813734,4.04015974465531e-75,7/20/24,134300,29,13H 43M 0S,30.88,767.2,160,27.8,NA,35-50,NA,NA,NA,NA,NA,NA,NA
111,20-July-2024 (Day 5)/TG10-01136-2024-07-20T134800_30,-115118.0542,2.32757653,1.63054466607414e-103,-537.1668554,0.050611028,1.92755293779371e-68,7/20/24,134800,30,13H 48M 0S,30.88,767.2,160,27.8,NA,35-50,NA,NA,NA,NA,NA,NA,NA
112,20-July-2024 (Day 5)/TG10-01136-2024-07-20T135500_31,-55719.50659,1.123863337,7.42153057167734e-70,282.0872429,0.033845007,1.13821386121059e-78,7/20/24,135500,31,13H 55M 0S,30.88,767.2,160,27.8,NA,35-20,NA,NA,NA,NA,NA,NA,NA
113,20-July-2024 (Day 5)/TG10-01136-2024-07-20T135900_32,-39113.54226,0.787529223,5.256801404068e-76,1094.89444,0.017500008,4.56108008476101e-64,7/20/24,135900,32,13H 59M 0S,30.88,767.2,160,27.8,NA,35-20,NA,NA,NA,NA,NA,NA,NA
114,20-July-2024 (Day 5)/TG10-01136-2024-07-20T140700_33,-31395.94973,0.628829972,1.85528784120359e-86,1582.125594,0.007808315,1.1151908688305e-38,7/20/24,140700,33,14H 7M 0S,30.88,767.2,160,27.8,NA,35-20,NA,NA,NA,NA,NA,NA,NA
115,20-July-2024 (Day 5)/TG10-01136-2024-07-20T141100_34,-19193.04494,0.390577729,1.66327440687783e-78,3320.781801,-0.023874219,3.52265364925337e-21,7/20/24,141100,34,14H 11M 0S,30.88,767.2,160,27.8,NA,35-20,NA,NA,NA,NA,NA,NA,NA
116,20-July-2024 (Day 5)/TG10-01136-2024-07-20T142100_35,-25176.46882,0.497440174,4.01805936028364e-92,1948.941701,0.000429547,0.196142562,7/20/24,142100,35,14H 21M 0S,30.88,767.2,160,27.8,NA,35-20,NA,NA,NA,NA,NA,NA,NA
117,20-July-2024 (Day 5)/TG10-01136-2024-07-20T142700_36,-46158.6813,0.897808298,1.30180639865e-70,265.9606058,0.032843193,3.1030268263805e-33,7/20/24,142700,36,14H 27M 0S,30.88,767.2,160,27.8,NA,35-20,NA,NA,NA,NA,NA,NA,NA
118,20-July-2024 (Day 5)/TG10-01136-2024-07-20T143200_85,-38.77048032,0.010250049,1.33028859227718e-12,1771.479839,0.003703609,1.37928274754232e-21,7/20/24,143200,85,14H 32M 0S,30.88,767.2,160,27.8,NA,BLANK,NA,NA,NA,NA,NA,NA,NA
119,20-July-2024 (Day 5)/TG10-01136-2024-07-20T143800_84,66.67051214,0.008154814,2.07006886159272e-09,1814.367169,0.003022097,2.23715069386717e-14,7/20/24,143800,84,14H 38M 0S,30.88,767.2,160,27.8,NA,BLANK,NA,NA,NA,NA,NA,NA,NA
120,22-july-2024 (Day 7)/TG10-01136-2024-07-22T113700_01,-8999.111197,0.227294662,1.64104231557894e-127,1810.336912,0.003045195,2.15754072601394e-15,7/22/24,113700,01,11H 37M 0S,29.33,766.4,160,27.8,NA,25-90,NA,NA,NA,NA,NA,NA,NA
121,22-july-2024 (Day 7)/TG10-01136-2024-07-22T115200_02,-11470.88925,0.280651045,5.01797516490398e-152,2303.760451,-0.008567813,6.97651853818722e-59,7/22/24,115200,02,11H 52M 0S,29.33,766.4,160,27.8,NA,25-90,NA,NA,NA,NA,NA,NA,NA
122,22-july-2024 (Day 7)/TG10-01136-2024-07-22T132100_03,-28639.92919,0.608723496,7.35209083000092e-150,2013.909008,-0.001671992,5.64423224469069e-09,7/22/24,132100,03,13H 21M 0S,29.33,766.4,160,27.8,NA,25-90,NA,NA,NA,NA,NA,NA,NA
123,22-july-2024 (Day 7)/TG10-01136-2024-07-22T132500_04,-16633.53771,0.355037344,2.48593680298732e-142,2305.537457,-0.007723522,1.9567957774884e-54,7/22/24,132500,04,13H 25M 0S,29.33,766.4,160,27.8,NA,25-90,NA,NA,NA,NA,NA,NA,NA
124,22-july-2024 (Day 7)/TG10-01136-2024-07-22T133600_05,-19162.95621,0.401446056,1.47094803542457e-157,2710.97876,-0.015820283,1.15987535783826e-84,7/22/24,133600,05,13H 36M 0S,29.33,766.4,160,27.8,NA,25-90,NA,NA,NA,NA,NA,NA,NA
125,22-july-2024 (Day 7)/TG10-01136-2024-07-22T134100_06,-19160.28263,0.398696412,1.72375117561029e-150,2701.497507,-0.015568384,4.85758817447926e-87,7/22/24,134100,06,13H 41M 0S,29.33,766.4,160,27.8,NA,25-90,NA,NA,NA,NA,NA,NA,NA
126,22-july-2024 (Day 7)/TG10-01136-2024-07-22T134800_19,-42144.92967,0.858519101,7.01523135266548e-154,-2056.470221,0.080255072,2.99330781328668e-148,7/22/24,134800,19,13H 48M 0S,29.33,766.4,160,27.8,NA,35-90,NA,NA,NA,NA,NA,NA,NA
127,22-july-2024 (Day 7)/TG10-01136-2024-07-22T135300_20,-43410.94795,0.878942568,4.0452329951333e-136,-6203.773981,0.162659267,2.5904238471564e-113,7/22/24,135300,20,13H 53M 0S,29.33,766.4,160,27.8,NA,35-90,NA,NA,NA,NA,NA,NA,NA
128,22-july-2024 (Day 7)/TG10-01136-2024-07-22T135700_21,-79059.59889,1.585677286,1.75347354799485e-164,-38.26916034,0.039280288,5.04893055627072e-133,7/22/24,135700,21,13H 57M 0S,29.33,766.4,160,27.8,NA,35-90,NA,NA,NA,NA,NA,NA,NA
129,22-july-2024 (Day 7)/TG10-01136-2024-07-22T140300_22,-55619.65776,1.111224366,1.45629646706493e-147,2307.170558,-0.007387227,4.02409517632576e-49,7/22/24,140300,22,14H 3M 0S,29.33,766.4,160,27.8,NA,35-90,NA,NA,NA,NA,NA,NA,NA
130,22-july-2024 (Day 7)/TG10-01136-2024-07-22T140900_07,-51369.20683,1.019779553,2.40007068207387e-114,1860.863725,0.001418738,1.12373794156574e-06,7/22/24,140900,07,14H 9M 0S,29.33,766.4,160,27.8,NA,25-50,NA,NA,NA,NA,NA,NA,NA
131,22-july-2024 (Day 7)/TG10-01136-2024-07-22T143100_08,-71646.99678,1.381935722,1.41579614945671e-112,1819.179368,0.002242211,1.3910564842378e-09,7/22/24,143100,08,14H 31M 0S,29.33,766.4,160,27.8,NA,25-50,NA,NA,NA,NA,NA,NA,NA
132,22-july-2024 (Day 7)/TG10-01136-2024-07-22T143600_09,-57138.28546,1.098559651,1.87403305489202e-119,1753.782394,0.003495263,1.13955940875516e-23,7/22/24,143600,09,14H 36M 0S,29.33,766.4,160,27.8,NA,25-50,NA,NA,NA,NA,NA,NA,NA
133,22-july-2024 (Day 7)/TG10-01136-2024-07-22T144000_10,-64426.09172,1.230984469,2.94758875795718e-116,1878.419656,0.00112517,0.000106828,7/22/24,144000,10,14H 40M 0S,29.33,766.4,160,27.8,NA,25-50,NA,NA,NA,NA,NA,NA,NA
134,22-july-2024 (Day 7)/TG10-01136-2024-07-22T144500_23,-72924.75264,1.383010026,3.67655909928937e-146,1506.855506,0.00807634,2.37087221243462e-54,7/22/24,144500,23,14H 45M 0S,29.33,766.4,160,27.8,NA,35-90,NA,NA,NA,NA,NA,NA,NA
135,22-july-2024 (Day 7)/TG10-01136-2024-07-22T145000_24,-48701.50263,0.923254107,2.62534837132025e-157,-14827.12955,0.31391612,2.24227909504977e-177,7/22/24,145000,24,14H 50M 0S,29.33,766.4,160,27.8,NA,35-90,NA,NA,NA,NA,NA,NA,NA
136,22-july-2024 (Day 7)/TG10-01136-2024-07-22T145500_25,-132718.1519,2.484150029,1.18419097155557e-98,2060.37283,-0.002298254,1.12358748402773e-11,7/22/24,145500,25,14H 55M 0S,29.33,766.4,160,27.8,NA,35-50,NA,NA,NA,NA,NA,NA,NA
137,22-july-2024 (Day 7)/TG10-01136-2024-07-22T145900_26,-66234.96299,1.238869883,2.58033843079769e-110,1911.528461,0.000483476,0.118381731,7/22/24,145900,26,14H 59M 0S,29.33,766.4,160,27.8,NA,35-50,NA,NA,NA,NA,NA,NA,NA
138,22-july-2024 (Day 7)/TG10-01136-2024-07-22T150400_11,-49872.81722,0.930540326,3.67944207882962e-114,1867.219477,0.001293136,0.000110036,7/22/24,150400,11,15H 4M 0S,29.33,766.4,160,27.8,NA,25-50,NA,NA,NA,NA,NA,NA,NA
139,22-july-2024 (Day 7)/TG10-01136-2024-07-22T150800_12,-66466.78206,1.230880977,4.88546051453915e-110,1973.392304,-0.000667997,0.027627373,7/22/24,150800,12,15H 8M 0S,29.33,766.4,160,27.8,NA,25-50,NA,NA,NA,NA,NA,NA,NA
140,22-july-2024 (Day 7)/TG10-01136-2024-07-22T151300_13,-22749.13262,0.426145918,5.17999915263278e-83,1749.220818,0.003442094,6.73454156073021e-22,7/22/24,151300,13,15H 13M 0S,29.33,766.4,160,27.8,NA,25-20,NA,NA,NA,NA,NA,NA,NA
141,22-july-2024 (Day 7)/TG10-01136-2024-07-22T151700_14,-22711.47162,0.423143609,7.15147109109569e-85,1814.970581,0.002242244,1.47866899323312e-09,7/22/24,151700,14,15H 17M 0S,29.33,766.4,160,27.8,NA,25-20,NA,NA,NA,NA,NA,NA,NA
142,22-july-2024 (Day 7)/TG10-01136-2024-07-22T152200_15,-19893.58914,0.370072305,8.42789980223253e-85,1871.9967,0.001218686,0.000150889,7/22/24,152200,15,15H 22M 0S,29.33,766.4,160,27.8,NA,25-20,NA,NA,NA,NA,NA,NA,NA
143,22-july-2024 (Day 7)/TG10-01136-2024-07-22T152600_16,-23833.4208,0.438405352,7.27158976381494e-83,1836.948406,0.001853903,8.38434503179158e-09,7/22/24,152600,16,15H 26M 0S,29.33,766.4,160,27.8,NA,25-20,NA,NA,NA,NA,NA,NA,NA
144,22-july-2024 (Day 7)/TG10-01136-2024-07-22T153100_17,-23235.35245,0.426535531,6.10449545106656e-87,1861.467518,0.001394153,9.25126607952124e-06,7/22/24,153100,17,15H 31M 0S,29.33,766.4,160,27.8,NA,25-20,NA,NA,NA,NA,NA,NA,NA
145,22-july-2024 (Day 7)/TG10-01136-2024-07-22T153600_18,-22855.33834,0.417372347,1.96687144684894e-83,1852.356657,0.001550652,8.40346221964256e-07,7/22/24,153600,18,15H 36M 0S,29.33,766.4,160,27.8,NA,25-20,NA,NA,NA,NA,NA,NA,NA
146,22-july-2024 (Day 7)/TG10-01136-2024-07-22T154000_27,-94836.13066,1.69408926,2.70466490285287e-107,1965.87774,-0.00048602,0.085759164,7/22/24,154000,27,15H 40M 0S,29.33,766.4,160,27.8,NA,35-50,NA,NA,NA,NA,NA,NA,NA
147,22-july-2024 (Day 7)/TG10-01136-2024-07-22T154400_28,-142353.8604,2.523353184,9.07938715839626e-103,2120.337219,-0.003194425,7.15271580504742e-21,7/22/24,154400,28,15H 44M 0S,29.33,766.4,160,27.8,NA,35-50,NA,NA,NA,NA,NA,NA,NA
148,22-july-2024 (Day 7)/TG10-01136-2024-07-22T154800_29,-116359.5951,2.055883567,2.39864615059965e-106,2028.267959,-0.001532346,4.78801106210582e-06,7/22/24,154800,29,15H 48M 0S,29.33,766.4,160,27.8,NA,35-50,NA,NA,NA,NA,NA,NA,NA
149,22-july-2024 (Day 7)/TG10-01136-2024-07-22T155200_30,-141085.1643,2.481722009,1.54684665483547e-104,2134.150383,-0.003409777,3.85867807948953e-22,7/22/24,155200,30,15H 52M 0S,29.33,766.4,160,27.8,NA,35-50,NA,NA,NA,NA,NA,NA,NA
150,22-july-2024 (Day 7)/TG10-01136-2024-07-22T160600_31,-57337.63633,0.999618229,2.12644880888874e-69,1785.813182,0.00263716,2.04445276556057e-14,7/22/24,160600,31,16H 6M 0S,29.33,766.4,160,27.8,NA,35-20,NA,NA,NA,NA,NA,NA,NA
151,22-july-2024 (Day 7)/TG10-01136-2024-07-22T161000_32,-53862.48176,0.935881327,2.36633239842128e-69,1962.672589,-0.000417188,0.135596605,7/22/24,161000,32,16H 10M 0S,29.33,766.4,160,27.8,NA,35-20,NA,NA,NA,NA,NA,NA,NA
152,22-july-2024 (Day 7)/TG10-01136-2024-07-22T161400_33,-47361.59368,0.820642447,2.80308537144029e-74,1881.311249,0.0009882,0.001435549,7/22/24,161400,33,16H 14M 0S,29.33,766.4,160,27.8,NA,35-20,NA,NA,NA,NA,NA,NA,NA
153,22-july-2024 (Day 7)/TG10-01136-2024-07-22T161800_36,-41723.14055,0.720537071,7.0611604220471e-68,1762.515906,0.003007029,2.99122799879194e-19,7/22/24,161800,36,16H 18M 0S,29.33,766.4,160,27.8,NA,35-20,NA,NA,NA,NA,NA,NA,NA
154,22-july-2024 (Day 7)/TG10-01136-2024-07-22T162300_34,-37000.43368,0.636993378,1.01204425992185e-72,1857.456263,0.001393426,7.55335584945074e-06,7/22/24,162300,34,16H 23M 0S,29.33,766.4,160,27.8,NA,35-20,NA,NA,NA,NA,NA,NA,NA
155,22-july-2024 (Day 7)/TG10-01136-2024-07-22T162800_35,-34655.01646,0.594371035,3.09128202706086e-79,1863.179606,0.001282528,5.04215245262781e-05,7/22/24,162800,35,16H 28M 0S,29.33,766.4,160,27.8,NA,35-20,NA,NA,NA,NA,NA,NA,NA
156,22-july-2024 (Day 7)/TG10-01136-2024-07-22T163300_84,-74.85356331,0.009796435,1.7180282085877e-14,1816.905423,0.002051411,1.95299349522092e-10,7/22/24,163300,84,16H 33M 0S,29.33,766.4,160,27.8,NA,BLANK,NA,NA,NA,NA,NA,NA,NA
157,22-july-2024 (Day 7)/TG10-01136-2024-07-22T163800_85,51.25406114,0.007708953,7.77414422898715e-08,1865.296672,0.00124499,2.84126261725705e-05,7/22/24,163800,85,16H 38M 0S,29.33,766.4,160,27.8,NA,BLANK,NA,NA,NA,NA,NA,NA,NA
158,22-july-2024 (Day 7)/TG10-01136-2024-07-22T164700_83,278.8876195,0.004005585,0.000388212,1825.066925,0.001873532,8.99094660358325e-09,7/22/24,164700,83,16H 47M 0S,29.33,766.4,160,27.8,NA,BLANK,NA,NA,NA,NA,NA,NA,NA
159,23-July-2024 (Day 8)/TG10-01136-2024-07-23T112400_02,-18811.54121,0.471024292,4.01364573830413e-158,2550.978884,-0.014938017,1.9887903989676e-82,7/23/24,112400,02,11H 24M 0S,31.79,767.8,160,27.8,NA,25-90,NA,NA,NA,NA,NA,NA,NA
160,23-July-2024 (Day 8)/TG10-01136-2024-07-23T113200_01,-8145.948883,0.208208978,1.14055374133228e-131,2093.952269,-0.003754763,1.36513730709641e-17,7/23/24,113200,01,11H 32M 0S,31.79,767.8,160,27.8,NA,25-90,NA,NA,NA,NA,NA,NA,NA
161,23-July-2024 (Day 8)/TG10-01136-2024-07-23T113600_03,-20315.55532,0.499727894,3.87322683250092e-163,2176.166968,-0.005702182,4.36686372978575e-39,7/23/24,113600,03,11H 36M 0S,31.79,767.8,160,27.8,NA,25-90,NA,NA,NA,NA,NA,NA,NA
162,23-July-2024 (Day 8)/TG10-01136-2024-07-23T114000_04,-17241.22195,0.423365533,4.50464854070721e-150,2673.757028,-0.017420999,1.01473797850283e-93,7/23/24,114000,04,11H 40M 0S,31.79,767.8,160,27.8,NA,25-90,NA,NA,NA,NA,NA,NA,NA
163,23-July-2024 (Day 8)/TG10-01136-2024-07-23T114400_05,-18188.8411,0.443452959,3.2678617925692e-153,2269.797452,-0.007812677,4.22114864610499e-52,7/23/24,114400,05,11H 44M 0S,31.79,767.8,160,27.8,NA,25-90,NA,NA,NA,NA,NA,NA,NA
164,23-July-2024 (Day 8)/TG10-01136-2024-07-23T132500_06,-19076.93235,0.40633498,1.0951644079943e-139,2443.189638,-0.010116185,7.07559900981077e-56,7/23/24,132500,06,13H 25M 0S,31.79,767.8,160,27.8,NA,25-90,NA,NA,NA,NA,NA,NA,NA
165,23-July-2024 (Day 8)/TG10-01136-2024-07-23T132900_07,-38452.61164,0.804910076,4.29082141566312e-122,2399.978873,-0.008971089,1.38271479276936e-40,7/23/24,132900,07,13H 29M 0S,31.79,767.8,160,27.8,NA,25-50,NA,NA,NA,NA,NA,NA,NA
166,23-July-2024 (Day 8)/TG10-01136-2024-07-23T133300_08,-79788.51922,1.648653367,3.69174848657583e-114,2181.617687,-0.004700786,2.26112264460419e-25,7/23/24,133300,08,13H 33M 0S,31.79,767.8,160,27.8,NA,25-50,NA,NA,NA,NA,NA,NA,NA
167,23-July-2024 (Day 8)/TG10-01136-2024-07-23T133700_09,-52019.48215,1.074254801,5.78411566205356e-119,2066.005135,-0.002295503,1.65952472091585e-10,7/23/24,133700,09,13H 37M 0S,31.79,767.8,160,27.8,NA,25-50,NA,NA,NA,NA,NA,NA,NA
168,23-July-2024 (Day 8)/TG10-01136-2024-07-23T134100_10,-67881.07834,1.391593158,3.8150040253704e-120,2144.758391,-0.003932444,2.00611629776297e-25,7/23/24,134100,10,13H 41M 0S,31.79,767.8,160,27.8,NA,25-50,NA,NA,NA,NA,NA,NA,NA
169,23-July-2024 (Day 8)/TG10-01136-2024-07-23T134500_11,-52091.3677,1.064068981,1.46424104236061e-112,1830.631524,0.002497084,1.22076126901424e-13,7/23/24,134500,11,13H 45M 0S,31.79,767.8,160,27.8,NA,25-50,NA,NA,NA,NA,NA,NA,NA
170,23-July-2024 (Day 8)/TG10-01136-2024-07-23T134900_12,-106232.8809,2.148674699,5.22420006877756e-104,2142.469709,-0.003861695,9.61995584716222e-27,7/23/24,134900,12,13H 49M 0S,31.79,767.8,160,27.8,NA,25-50,NA,NA,NA,NA,NA,NA,NA
171,23-July-2024 (Day 8)/TG10-01136-2024-07-23T140400_13,-13730.35634,0.282659085,3.73663828789762e-87,1589.772393,0.007328672,1.19867031894635e-32,7/23/24,140400,13,14H 4M 0S,31.79,767.8,160,27.8,NA,25-20,NA,NA,NA,NA,NA,NA,NA
172,23-July-2024 (Day 8)/TG10-01136-2024-07-23T140800_14,-26518.37222,0.532502345,1.39735768365544e-78,1544.342508,0.008035761,2.44132321312523e-34,7/23/24,140800,14,14H 8M 0S,31.79,767.8,160,27.8,NA,25-20,NA,NA,NA,NA,NA,NA,NA
173,23-July-2024 (Day 8)/TG10-01136-2024-07-23T141200_15,-21620.51824,0.434668202,1.2406281421127e-81,1590.096047,0.007188662,6.41027425523022e-32,7/23/24,141200,15,14H 12M 0S,31.79,767.8,160,27.8,NA,25-20,NA,NA,NA,NA,NA,NA,NA
174,23-July-2024 (Day 8)/TG10-01136-2024-07-23T141600_16,-13192.5212,0.268241517,5.09328516127437e-99,1775.411399,0.003578007,3.00408589636622e-23,7/23/24,141600,16,14H 16M 0S,31.79,767.8,160,27.8,NA,25-20,NA,NA,NA,NA,NA,NA,NA
175,23-July-2024 (Day 8)/TG10-01136-2024-07-23T142000_17,-35553.11538,0.699986766,1.81664620117113e-75,1666.118226,0.005486731,1.94799778949361e-27,7/23/24,142000,17,14H 20M 0S,31.79,767.8,160,27.8,NA,25-20,NA,NA,NA,NA,NA,NA,NA
176,23-July-2024 (Day 8)/TG10-01136-2024-07-23T142400_18,-27914.91739,0.550218547,7.76018537151422e-83,1790.424486,0.003155102,1.58731238171698e-19,7/23/24,142400,18,14H 24M 0S,31.79,767.8,160,27.8,NA,25-20,NA,NA,NA,NA,NA,NA,NA
177,23-July-2024 (Day 8)/TG10-01136-2024-07-23T143500_82,-485.0993698,0.019392726,1.5531842676065e-25,1861.624107,0.001683426,1.38472234111416e-07,7/23/24,143500,82,14H 35M 0S,31.79,767.8,160,27.8,NA,BLANK,NA,NA,NA,NA,NA,NA,NA
178,23-July-2024 (Day 8)/TG10-01136-2024-07-23T143900_83,-394.2578426,0.01670311,1.31364335768699e-27,1824.824963,0.002240525,5.30360166317022e-11,7/23/24,143900,83,14H 39M 0S,31.79,767.8,160,27.8,NA,BLANK,NA,NA,NA,NA,NA,NA,NA
179,23-July-2024 (Day 8)/TG10-01136-2024-07-23T145800_19,-63433.36695,1.190708593,6.57563940726308e-148,-20555.67544,0.417811454,3.23492807404911e-111,7/23/24,145800,19,14H 58M 0S,31.79,767.8,160,27.8,NA,35-90,NA,NA,NA,NA,NA,NA,NA
180,23-July-2024 (Day 8)/TG10-01136-2024-07-23T150700_20,-91014.21737,1.683247372,1.91617525008276e-120,2068.09232,-0.002119185,2.67442552229787e-10,7/23/24,150700,20,15H 7M 0S,31.79,767.8,160,27.8,NA,35-90,NA,NA,NA,NA,NA,NA,NA
181,23-July-2024 (Day 8)/TG10-01136-2024-07-23T151100_21,-112237.6579,2.066195148,1.02066006712926e-137,-292.2400577,0.041120312,1.08164070716294e-131,7/23/24,151100,21,15H 11M 0S,31.79,767.8,160,27.8,NA,35-90,NA,NA,NA,NA,NA,NA,NA
182,23-July-2024 (Day 8)/TG10-01136-2024-07-23T151700_21,-87401.16678,1.601531054,2.93749362488763e-129,2877.779414,-0.016771242,4.84170573149843e-89,7/23/24,151700,21,15H 17M 0S,31.79,767.8,160,27.8,NA,35-90,NA,NA,NA,NA,NA,NA,NA
183,23-July-2024 (Day 8)/TG10-01136-2024-07-23T152200_23,-98134.05394,1.786540647,1.03807351076649e-137,1381.347044,0.010301367,7.86902088509821e-64,7/23/24,152200,23,15H 22M 0S,31.79,767.8,160,27.8,NA,35-90,NA,NA,NA,NA,NA,NA,NA
184,23-July-2024 (Day 8)/TG10-01136-2024-07-23T152700_24,-65470.01376,1.189692573,8.66229503762907e-154,-3487.038897,0.097813734,6.86768244651936e-174,7/23/24,152700,24,15H 27M 0S,31.79,767.8,160,27.8,NA,35-90,NA,NA,NA,NA,NA,NA,NA
185,23-July-2024 (Day 8)/TG10-01136-2024-07-23T153100_25,-133536.7285,2.406423718,1.23290927012792e-95,2140.409321,-0.003266627,2.68439488606221e-18,7/23/24,153100,25,15H 31M 0S,31.79,767.8,160,27.8,NA,35-50,NA,NA,NA,NA,NA,NA,NA
186,23-July-2024 (Day 8)/TG10-01136-2024-07-23T153600_26,-88980.14393,1.597387799,1.91998401697244e-107,1126.155428,0.014709752,4.97915900235521e-50,7/23/24,153600,26,15H 36M 0S,31.79,767.8,160,27.8,NA,35-50,NA,NA,NA,NA,NA,NA,NA
187,23-July-2024 (Day 8)/TG10-01136-2024-07-23T154300_27,-187495.3988,3.329278193,1.60524015233586e-99,1690.193409,0.004753206,3.68329796230395e-24,7/23/24,154300,27,15H 43M 0S,31.79,767.8,160,27.8,NA,35-50,NA,NA,NA,NA,NA,NA,NA
188,23-July-2024 (Day 8)/TG10-01136-2024-07-23T154800_28,-216996.1357,3.827658708,1.80456179927971e-97,1708.5198,0.004184607,2.47494485872358e-22,7/23/24,154800,28,15H 48M 0S,31.79,767.8,160,27.8,NA,35-50,NA,NA,NA,NA,NA,NA,NA
189,23-July-2024 (Day 8)/TG10-01136-2024-07-23T155300_29,-157687.8337,2.772586103,5.36647408057839e-104,934.1005359,0.017784258,9.35868120271175e-53,7/23/24,155300,29,15H 53M 0S,31.79,767.8,160,27.8,NA,35-50,NA,NA,NA,NA,NA,NA,NA
190,23-July-2024 (Day 8)/TG10-01136-2024-07-23T155800_30,-144233.5503,2.522261671,1.32737233787039e-99,999.5278361,0.016563193,4.13896497343673e-51,7/23/24,155800,30,15H 58M 0S,31.79,767.8,160,27.8,NA,35-50,NA,NA,NA,NA,NA,NA,NA
191,23-July-2024 (Day 8)/TG10-01136-2024-07-23T160300_31,-69918.67365,1.222900886,3.14015703110569e-66,1304.971819,0.011334904,2.04633886887929e-36,7/23/24,160300,31,16H 3M 0S,31.79,767.8,160,27.8,NA,35-20,NA,NA,NA,NA,NA,NA,NA
192,23-July-2024 (Day 8)/TG10-01136-2024-07-23T160700_32,-48769.31541,0.85402058,1.93681050257551e-72,1661.959356,0.004973383,4.53112272451568e-32,7/23/24,160700,32,16H 7M 0S,31.79,767.8,160,27.8,NA,35-20,NA,NA,NA,NA,NA,NA,NA
193,23-July-2024 (Day 8)/TG10-01136-2024-07-23T161100_33,-37855.99289,0.662345432,6.8857104226305e-76,1558.84532,0.006773952,1.15903097264374e-28,7/23/24,161100,33,16H 11M 0S,31.79,767.8,160,27.8,NA,35-20,NA,NA,NA,NA,NA,NA,NA
194,23-July-2024 (Day 8)/TG10-01136-2024-07-23T161500_34,-29117.02577,0.509992694,4.95029485478078e-77,1606.937283,0.005896617,1.21586652463311e-32,7/23/24,161500,34,16H 15M 0S,31.79,767.8,160,27.8,NA,35-20,NA,NA,NA,NA,NA,NA,NA
195,23-July-2024 (Day 8)/TG10-01136-2024-07-23T162000_35,-55853.15106,0.964763609,1.54514357185863e-65,1287.118585,0.011347064,3.84045031201722e-34,7/23/24,162000,35,16H 20M 0S,31.79,767.8,160,27.8,NA,35-20,NA,NA,NA,NA,NA,NA,NA
196,23-July-2024 (Day 8)/TG10-01136-2024-07-23T162500_36,-55654.39406,0.954140195,2.17218781847589e-66,1150.072678,0.01355818,7.40528211136023e-36,7/23/24,162500,36,16H 25M 0S,31.79,767.8,160,27.8,NA,35-20,NA,NA,NA,NA,NA,NA,NA
197,23-July-2024 (Day 8)/TG10-01136-2024-07-23T163000_84,-689.6864715,0.021016453,1.13734317857309e-34,1827.281271,0.001927163,2.71327074526342e-10,7/23/24,163000,84,16H 30M 0S,31.79,767.8,160,27.8,NA,BLANK,NA,NA,NA,NA,NA,NA,NA
198,23-July-2024 (Day 8)/TG10-01136-2024-07-23T163700_85,-324.5636105,0.015668837,1.00448073797265e-23,1838.052763,0.00179092,1.48908407411883e-08,7/23/24,163700,85,16H 37M 0S,31.79,767.8,160,27.8,NA,BLANK,NA,NA,NA,NA,NA,NA,NA
199,25-July-2024 (Day 10)/TG10-01136-2024-07-25T140900_01,-22708.42061,0.457629431,7.56645322647652e-135,1688.74255,0.005435875,2.21398830600238e-29,7/25/24,140900,01,14H 9M 0S,31.41,767.3,160,27.8,NA,NA,25-90-25,NA,NA,NA,NA,NA,NA
200,25-July-2024 (Day 10)/TG10-01136-2024-07-25T141200_02,-29095.98233,0.580865303,5.13018771186594e-152,1948.745482,0.000179069,0.556428638,7/25/24,141200,02,14H 12M 0S,31.41,767.3,160,27.8,NA,NA,25-90-25,NA,NA,NA,NA,NA,NA
201,25-July-2024 (Day 10)/TG10-01136-2024-07-25T141500_03,-34563.23232,0.686672356,6.24574762120638e-149,1995.756999,-0.000787553,0.011162027,7/25/24,141500,03,14H 15M 0S,31.41,767.3,160,27.8,NA,NA,25-90-25,NA,NA,NA,NA,NA,NA
202,25-July-2024 (Day 10)/TG10-01136-2024-07-25T141800_07,-79495.33914,1.557255197,1.57358941856245e-116,-226.5642636,0.042521239,5.44747609595933e-71,7/25/24,141800,07,14H 18M 0S,31.41,767.3,160,27.8,NA,NA,25-50-25,NA,NA,NA,NA,NA,NA
203,25-July-2024 (Day 10)/TG10-01136-2024-07-25T142100_09,-83542.88892,1.628546182,2.93410434825944e-118,-1271.689003,0.062484362,2.0393129012458e-72,7/25/24,142100,09,14H 21M 0S,31.41,767.3,160,27.8,NA,NA,25-50-25,NA,NA,NA,NA,NA,NA
204,25-July-2024 (Day 10)/TG10-01136-2024-07-25T143100_check_03,-36051.19635,0.701469933,5.40806547095453e-78,723.0859331,0.023726535,5.2051037796007e-35,7/25/24,143100,ch03,14H 31M 0S,31.41,767.3,160,27.8,NA,NA,25-90-25,NA,NA,NA,NA,NA,NA
205,25-July-2024 (Day 10)/TG10-01136-2024-07-25T143500_08,-104820.9376,2.009600718,4.73139392719526e-112,-938.0674941,0.055172906,7.93821080745568e-68,7/25/24,143500,08,14H 35M 0S,31.41,767.3,160,27.8,NA,NA,25-50-25,NA,NA,NA,NA,NA,NA
206,25-July-2024 (Day 10)/TG10-01136-2024-07-25T144500_10,-147867.6735,2.797256872,3.74775462535603e-113,-1210.050061,0.059697576,3.40363449982892e-69,7/25/24,144500,10,14H 45M 0S,31.41,767.3,160,27.8,NA,NA,25-20-30,NA,NA,NA,NA,NA,NA
207,25-July-2024 (Day 10)/TG10-01136-2024-07-25T144900_11,-121538.7354,2.292768195,1.50229201952733e-109,-1025.843193,0.056060254,8.9022492383151e-65,7/25/24,144900,11,14H 49M 0S,31.41,767.3,160,27.8,NA,NA,25-20-30,NA,NA,NA,NA,NA,NA
208,25-July-2024 (Day 10)/TG10-01136-2024-07-25T145200_34,-45746.8283,0.867421164,2.51211165203694e-73,1181.675161,0.014685498,2.74891051071188e-32,7/25/24,145200,34,14H 52M 0S,31.41,767.3,160,27.8,NA,NA,35-20-30,NA,NA,NA,NA,NA,NA
209,25-July-2024 (Day 10)/TG10-01136-2024-07-25T150300_13,-30433.55946,0.574039628,1.33762599434607e-75,1733.352849,0.004650481,1.13316382698239e-17,7/25/24,150300,13,15H 3M 0S,31.41,767.3,160,27.8,NA,NA,25-20-25,NA,NA,NA,NA,NA,NA
210,25-July-2024 (Day 10)/TG10-01136-2024-07-25T150600_14,-17468.11055,0.333152442,2.13809991228746e-101,2040.986227,-0.001424158,0.000110306,7/25/24,150600,14,15H 6M 0S,31.41,767.3,160,27.8,NA,NA,25-20-25,NA,NA,NA,NA,NA,NA
211,25-July-2024 (Day 10)/TG10-01136-2024-07-25T150900_15,-23749.38169,0.447478661,1.41777226274263e-87,1896.42058,0.001283487,0.000285693,7/25/24,150900,15,15H 9M 0S,31.41,767.3,160,27.8,NA,NA,25-20-25,NA,NA,NA,NA,NA,NA
212,25-July-2024 (Day 10)/TG10-01136-2024-07-25T151200_22,-54013.25717,0.999570559,3.21512717911888e-131,1357.851594,0.011117768,1.78068700453641e-56,7/25/24,151200,22,15H 12M 0S,31.41,767.3,160,27.8,NA,NA,35-90-30,NA,NA,NA,NA,NA,NA
213,25-July-2024 (Day 10)/TG10-01136-2024-07-25T151600_06,-37506.07143,0.693157273,1.2244971282287e-141,2343.528696,-0.007095839,4.47633567744103e-38,7/25/24,151600,06,15H 16M 0S,31.41,767.3,160,27.8,NA,NA,25-90-30,NA,NA,NA,NA,NA,NA
214,25-July-2024 (Day 10)/TG10-01136-2024-07-25T151900_05,-29406.65517,0.543910456,5.71357513427e-171,2767.817528,-0.014722177,3.48397014046007e-80,7/25/24,151900,05,15H 19M 0S,31.41,767.3,160,27.8,NA,NA,25-90-30,NA,NA,NA,NA,NA,NA
215,25-July-2024 (Day 10)/TG10-01136-2024-07-25T152500_04,-27746.41301,0.510909276,1.02243126167525e-111,1991.280288,-0.00066076,0.029641933,7/25/24,152500,04,15H 25M 0S,31.41,767.3,160,27.8,NA,NA,25-90-30,NA,NA,NA,NA,NA,NA
216,25-July-2024 (Day 10)/TG10-01136-2024-07-25T152900_30,-85053.22048,1.53753755,5.77935389422432e-109,-1620.646573,0.064292729,6.1056295964785e-62,7/25/24,152900,30,15H 29M 0S,31.41,767.3,160,27.8,NA,NA,35-50-30,NA,NA,NA,NA,NA,NA
217,25-July-2024 (Day 10)/TG10-01136-2024-07-25T153200_36,-42608.12029,0.775297005,2.34030850090197e-80,1231.011404,0.013204702,5.44495899068138e-36,7/25/24,153200,36,15H 32M 0S,31.41,767.3,160,27.8,NA,NA,35-20-30,NA,NA,NA,NA,NA,NA
218,25-July-2024 (Day 10)/TG10-01136-2024-07-25T153500_28,-126478.8043,2.267849951,9.91419475755267e-105,-487.0407844,0.043658768,1.80013256113458e-61,7/25/24,153500,28,15H 35M 0S,31.41,767.3,160,27.8,NA,NA,35-50-30,NA,NA,NA,NA,NA,NA
219,25-July-2024 (Day 10)/TG10-01136-2024-07-25T153500_85,-126478.8043,2.267849951,9.91419475755267e-105,-487.0407844,0.043658768,1.80013256113458e-61,7/25/24,153500,85,15H 35M 0S,31.41,767.3,160,27.8,NA,NA,BLANK,NA,NA,NA,NA,NA,NA
220,25-July-2024 (Day 10)/TG10-01136-2024-07-25T153800_12,-145788.1305,2.604865852,1.69706838206353e-104,-213.4924655,0.038695827,2.5001449828575e-55,7/25/24,153800,12,15H 38M 0S,31.41,767.3,160,27.8,NA,NA,25-20-30,NA,NA,NA,NA,NA,NA
221,25-July-2024 (Day 10)/TG10-01136-2024-07-25T154100_16,-47380.00764,0.852588637,1.31614480615815e-79,1058.407477,0.016152944,3.92134182100043e-35,7/25/24,154100,16,15H 41M 0S,31.41,767.3,160,27.8,NA,NA,25-20-30,NA,NA,NA,NA,NA,NA
222,25-July-2024 (Day 10)/TG10-01136-2024-07-25T154400_17,-57226.54828,1.02325334,3.1959846624885e-73,979.9491528,0.017439537,5.91990862013736e-31,7/25/24,154400,17,15H 44M 0S,31.41,767.3,160,27.8,NA,NA,25-20-30,NA,NA,NA,NA,NA,NA
223,25-July-2024 (Day 10)/TG10-01136-2024-07-25T154700_29,-115152.8769,2.038756074,1.78682500355476e-114,-2123.595094,0.071949865,9.58103040338119e-73,7/25/24,154700,29,15H 47M 0S,31.41,767.3,160,27.8,NA,NA,35-50-30,NA,NA,NA,NA,NA,NA
224,25-July-2024 (Day 10)/TG10-01136-2024-07-25T155300_23,-68480.57876,1.208881297,6.70841726294019e-131,1240.60711,0.012550451,5.96820007796491e-72,7/25/24,155300,23,15H 53M 0S,31.41,767.3,160,27.8,NA,NA,35-90-30,NA,NA,NA,NA,NA,NA
225,25-July-2024 (Day 10)/TG10-01136-2024-07-25T155700_24,-54122.00466,0.954083861,3.36242870337185e-141,-23321.65243,0.440289603,1.50874045658785e-195,7/25/24,155700,24,15H 57M 0S,31.41,767.3,160,27.8,NA,NA,35-90-30,NA,NA,NA,NA,NA,NA
226,25-July-2024 (Day 10)/TG10-01136-2024-07-25T160100_31,-76340.85496,1.335909785,3.53986787210077e-77,137.945103,0.031807376,1.48899059804159e-36,7/25/24,160100,31,16H 1M 0S,31.41,767.3,160,27.8,NA,NA,35-50-35,NA,NA,NA,NA,NA,NA
227,25-July-2024 (Day 10)/TG10-01136-2024-07-25T160400_25,-213855.4587,3.710238106,2.25097884085365e-92,240.7815292,0.029766705,5.58935775741112e-45,7/25/24,160400,25,16H 4M 0S,31.41,767.3,160,27.8,NA,NA,35-50-35,NA,NA,NA,NA,NA,NA
228,25-July-2024 (Day 10)/TG10-01136-2024-07-25T160700_20,-75732.32416,1.317200092,1.07169434302862e-134,-3751.306082,0.098496601,6.71051004342647e-82,7/25/24,160700,20,16H 7M 0S,31.41,767.3,160,27.8,NA,NA,35-90-35,NA,NA,NA,NA,NA,NA
229,25-July-2024 (Day 10)/TG10-01136-2024-07-25T161100_19,-88317.62515,1.528258554,1.51906206253613e-159,-21916.35156,0.410432554,3.47566804633167e-173,7/25/24,161100,19,16H 11M 0S,31.41,767.3,160,27.8,NA,NA,35-90-35,NA,NA,NA,NA,NA,NA
230,25-July-2024 (Day 10)/TG10-01136-2024-07-25T161600_33,-67304.96053,1.162257067,1.79130894767738e-74,1765.641712,0.004072255,2.57726908809344e-21,7/25/24,161600,33,16H 16M 0S,31.41,767.3,160,27.8,NA,NA,35-20-35,NA,NA,NA,NA,NA,NA
231,25-July-2024 (Day 10)/TG10-01136-2024-07-25T161900_84,-1051.576263,0.027190658,1.86789089093507e-35,1840.510099,0.002239864,5.15316805794038e-15,7/25/24,161900,84,16H 19M 0S,31.41,767.3,160,27.8,NA,NA,BLANK,NA,NA,NA,NA,NA,NA
232,25-July-2024 (Day 10)/TG10-01136-2024-07-25T162200_82,-761.7448383,0.021939257,1.40611610277341e-30,1835.734817,0.002155601,3.36010884350902e-12,7/25/24,162200,82,16H 22M 0S,31.41,767.3,160,27.8,NA,NA,BLANK,NA,NA,NA,NA,NA,NA
233,25-July-2024 (Day 10)/TG10-01136-2024-07-25T162500_26,-130821.9457,2.224370678,1.72029645446069e-113,-472.9225295,0.041194748,3.7802376223267e-67,7/25/24,162500,26,16H 25M 0S,31.41,767.3,160,27.8,NA,NA,35-50-35,NA,NA,NA,NA,NA,NA
234,25-July-2024 (Day 10)/TG10-01136-2024-07-25T162900_21,-105927.4634,1.797833101,2.50138757760945e-137,1263.609158,0.011701865,8.45130985915121e-80,7/25/24,162900,21,16H 29M 0S,31.41,767.3,160,27.8,NA,NA,35-90-35,NA,NA,NA,NA,NA,NA
235,25-July-2024 (Day 10)/TG10-01136-2024-07-25T163200_83,-940.6527949,0.025553854,2.9449560075806e-39,1783.990996,0.002864177,1.23471494065231e-17,7/25/24,163200,83,16H 32M 0S,31.41,767.3,160,27.8,NA,NA,BLANK,NA,NA,NA,NA,NA,NA
236,25-July-2024 (Day 10)/TG10-01136-2024-07-25T163900_32,-94674.51826,1.592239149,5.03636398429759e-67,1304.417042,0.010941003,9.09529280811534e-28,7/25/24,163900,32,16H 39M 0S,31.41,767.3,160,27.8,NA,NA,35-20-35,NA,NA,NA,NA,NA,NA
237,26-July-2024 (Day 11)/TG10-01136-2024-07-26T090100_01,-10067.1094,0.327880301,2.98767390007119e-145,1944.740594,0.001037258,0.002305965,7/26/24,090100,01,9H 1M 0S,31.17,766.5,160,27.8,NA,NA,25-90-25,NA,NA,NA,NA,NA,NA
238,26-July-2024 (Day 11)/TG10-01136-2024-07-26T090600_02,-13164.72196,0.420866766,1.65725591071414e-150,2124.202375,-0.004463826,2.51557752730636e-18,7/26/24,090600,02,9H 6M 0S,31.17,766.5,160,27.8,NA,NA,25-90-25,NA,NA,NA,NA,NA,NA
239,26-July-2024 (Day 11)/TG10-01136-2024-07-26T090900_03,-21721.70938,0.676362997,5.61936950038163e-130,1963.240747,0.000136519,0.707652283,7/26/24,090900,03,9H 9M 0S,31.17,766.5,160,27.8,NA,NA,25-90-25,NA,NA,NA,NA,NA,NA
240,26-July-2024 (Day 11)/TG10-01136-2024-07-26T091400_07,-42993.5972,1.312358203,5.32210455385966e-116,1579.835763,0.011963216,2.11374010515617e-44,7/26/24,091400,07,9H 14M 0S,31.17,766.5,160,27.8,NA,NA,25-50-25,NA,NA,NA,NA,NA,NA
241,26-July-2024 (Day 11)/TG10-01136-2024-07-26T091700_08,-45079.3456,1.366180214,5.31248658564022e-118,1433.515888,0.016191923,5.98391137000427e-65,7/26/24,091700,08,9H 17M 0S,31.17,766.5,160,27.8,NA,NA,25-50-25,NA,NA,NA,NA,NA,NA
242,26-July-2024 (Day 11)/TG10-01136-2024-07-26T092100_09,-48784.40495,1.467200204,1.84558272853958e-119,1074.245755,0.02663262,2.59640841168391e-71,7/26/24,092100,09,9H 21M 0S,31.17,766.5,160,27.8,NA,NA,25-50-25,NA,NA,NA,NA,NA,NA
243,26-July-2024 (Day 11)/TG10-01136-2024-07-26T092400_13,-17686.33747,0.540606456,6.21824781575368e-78,1511.423845,0.013674976,4.73837681513757e-32,7/26/24,092400,13,9H 24M 0S,31.17,766.5,160,27.8,NA,NA,25-20-25,NA,NA,NA,NA,NA,NA
244,26-July-2024 (Day 11)/TG10-01136-2024-07-26T092700_14,-24670.07561,0.745230904,2.73165831469909e-78,1757.853264,0.006438017,1.50224814641416e-30,7/26/24,092700,14,9H 27M 0S,31.17,766.5,160,27.8,NA,NA,25-20-25,NA,NA,NA,NA,NA,NA
245,26-July-2024 (Day 11)/TG10-01136-2024-07-26T093000_15,-29484.85713,0.881814332,6.69207558843794e-76,1706.258738,0.007823515,8.89611418782968e-31,7/26/24,093000,15,9H 30M 0S,31.17,766.5,160,27.8,NA,NA,25-20-25,NA,NA,NA,NA,NA,NA
246,26-July-2024 (Day 11)/TG10-01136-2024-07-26T093300_04,-21434.7619,0.641121109,3.40690051965238e-105,2000.744703,-0.00097029,0.00239728,7/26/24,093300,04,9H 33M 0S,31.17,766.5,160,27.8,NA,NA,25-90-30,NA,NA,NA,NA,NA,NA
247,26-July-2024 (Day 11)/TG10-01136-2024-07-26T093600_05,-25852.54634,0.763921311,4.99334983131161e-156,2626.908927,-0.019075114,1.89921236326019e-88,7/26/24,093600,05,9H 36M 0S,31.17,766.5,160,27.8,NA,NA,25-90-30,NA,NA,NA,NA,NA,NA
248,26-July-2024 (Day 11)/TG10-01136-2024-07-26T094000_06,-22429.69938,0.660569699,6.68879732117672e-150,2405.06623,-0.012578241,6.03082224567586e-73,7/26/24,094000,06,9H 40M 0S,31.17,766.5,160,27.8,NA,NA,25-90-30,NA,NA,NA,NA,NA,NA
249,26-July-2024 (Day 11)/TG10-01136-2024-07-26T094300_35,-37239.75868,1.084664154,2.90952166944482e-73,1814.580716,0.004650702,3.40402639806305e-22,7/26/24,094300,35,9H 43M 0S,31.17,766.5,160,27.8,NA,NA,35-20-30,NA,NA,NA,NA,NA,NA
250,26-July-2024 (Day 11)/TG10-01136-2024-07-26T094600_34,-21451.05211,0.628455904,2.2304579297744e-92,1919.393084,0.00168772,2.669756657915e-13,7/26/24,094600,34,9H 46M 0S,31.17,766.5,160,27.8,NA,NA,35-20-30,NA,NA,NA,NA,NA,NA
251,26-July-2024 (Day 11)/TG10-01136-2024-07-26T094900_36,-27397.9132,0.792849634,4.09106832034755e-75,1691.381702,0.007900542,3.01029481688429e-35,7/26/24,094900,36,9H 49M 0S,31.17,766.5,160,27.8,NA,NA,35-20-30,NA,NA,NA,NA,NA,NA
252,26-July-2024 (Day 11)/TG10-01136-2024-07-26T095200_30,-47776.63564,1.363309866,4.67267526364435e-107,1356.271432,0.017635855,1.74358414160341e-58,7/26/24,095200,30,9H 52M 0S,31.17,766.5,160,27.8,NA,NA,35-50-30,NA,NA,NA,NA,NA,NA
253,26-July-2024 (Day 11)/TG10-01136-2024-07-26T095500_10,-75908.37394,2.143935005,3.32904263261112e-114,1173.254487,0.022490706,4.87931357662218e-62,7/26/24,095500,10,9H 55M 0S,31.17,766.5,160,27.8,NA,NA,25-50-30,NA,NA,NA,NA,NA,NA
254,26-July-2024 (Day 11)/TG10-01136-2024-07-26T095800_11,-60526.50854,1.70371196,1.51466077244877e-109,975.0252972,0.027778508,3.21382712058546e-60,7/26/24,095800,11,9H 58M 0S,31.17,766.5,160,27.8,NA,NA,25-50-30,NA,NA,NA,NA,NA,NA
255,26-July-2024 (Day 11)/TG10-01136-2024-07-26T100200_12,-88995.45599,2.485116767,8.29039961504324e-106,1491.224532,0.013267552,2.19640049652477e-54,7/26/24,100200,12,10H 2M 0S,31.17,766.5,160,27.8,NA,NA,25-50-30,NA,NA,NA,NA,NA,NA
256,26-July-2024 (Day 11)/TG10-01136-2024-07-26T100500_22,-17269.03421,0.492113915,2.162111336197e-142,1670.171424,0.008394361,3.25343607580606e-57,7/26/24,100500,22,10H 5M 0S,31.17,766.5,160,27.8,NA,NA,35-90-30,NA,NA,NA,NA,NA,NA
257,26-July-2024 (Day 11)/TG10-01136-2024-07-26T100800_24,-34924.89967,0.972234742,4.96825433818455e-148,-998.395285,0.081241156,6.79507693814314e-139,7/26/24,100800,24,10H 8M 0S,31.17,766.5,160,27.8,NA,NA,35-90-30,NA,NA,NA,NA,NA,NA
258,26-July-2024 (Day 11)/TG10-01136-2024-07-26T101100_82,-48.80549822,0.015667488,2.00006827685406e-20,1889.221304,0.00199887,7.97457217660866e-13,7/26/24,101100,82,10H 11M 0S,31.17,766.5,160,27.8,NA,NA,BLANK,NA,NA,NA,NA,NA,NA
259,26-July-2024 (Day 11)/TG10-01136-2024-07-26T101400_28,-113273.247,3.091584864,6.65236279737345e-38,2523.719716,-0.014797754,0.66033898,7/26/24,101400,28,10H 14M 0S,31.17,766.5,160,27.8,NA,NA,35-50-30,NA,NA,NA,NA,NA,NA
260,26-July-2024 (Day 11)/TG10-01136-2024-07-26T101700_17,-19384.45327,0.541534252,1.38703921640527e-85,1820.354491,0.004109794,1.1100103048836e-26,7/26/24,101700,17,10H 17M 0S,31.17,766.5,160,27.8,NA,NA,25-20-30,NA,NA,NA,NA,NA,NA
261,26-July-2024 (Day 11)/TG10-01136-2024-07-26T102000_16,-25489.75279,0.701233282,2.61976137260083e-77,1398.639808,0.01530938,8.84687772160581e-37,7/26/24,102000,16,10H 20M 0S,31.17,766.5,160,27.8,NA,NA,25-20-30,NA,NA,NA,NA,NA,NA
262,26-July-2024 (Day 11)/TG10-01136-2024-07-26T102300_85,-177.5140104,0.01841129,4.37010745317173e-27,1890.895329,0.001808665,6.69231633190895e-09,7/26/24,102300,85,10H 23M 0S,31.17,766.5,160,27.8,NA,NA,BLANK,NA,NA,NA,NA,NA,NA
263,26-July-2024 (Day 11)/TG10-01136-2024-07-26T102700_29,-71065.73891,1.907405461,1.46734846170017e-110,834.3470296,0.030352058,1.78874031608844e-67,7/26/24,102700,29,10H 27M 0S,31.17,766.5,160,27.8,NA,NA,35-50-30,NA,NA,NA,NA,NA,NA
264,26-July-2024 (Day 11)/TG10-01136-2024-07-26T103000_18,-25082.89098,0.680190611,4.2160666235729e-80,1695.585628,0.007323847,1.39040722984686e-34,7/26/24,103000,18,10H 30M 0S,31.17,766.5,160,27.8,NA,NA,25-20-30,NA,NA,NA,NA,NA,NA
265,26-July-2024 (Day 11)/TG10-01136-2024-07-26T103400_83,-347.6197648,0.024223339,1.02453770821274e-37,1818.735704,0.003895764,1.10448214900977e-24,7/26/24,103400,83,10H 34M 0S,31.17,766.5,160,27.8,NA,NA,BLANK,NA,NA,NA,NA,NA,NA
266,26-July-2024 (Day 11)/TG10-01136-2024-07-26T104000_20,-54894.73536,1.445919695,1.14373786424494e-127,1384.824355,0.015299236,8.87230027247608e-85,7/26/24,104000,20,10H 40M 0S,31.17,766.5,160,27.8,NA,NA,35-90-35,NA,NA,NA,NA,NA,NA
267,26-July-2024 (Day 11)/TG10-01136-2024-07-26T104300_25,-148209.8789,3.856468474,4.15492036404397e-91,1235.895939,0.01899203,1.28071869347489e-45,7/26/24,104300,25,10H 43M 0S,31.17,766.5,160,27.8,NA,NA,35-50-35,NA,NA,NA,NA,NA,NA
268,26-July-2024 (Day 11)/TG10-01136-2024-07-26T104900_23,-36950.47644,0.963911391,5.21051379379753e-114,15775.40667,-0.353297987,1.44273469416244e-36,7/26/24,104900,23,10H 49M 0S,31.17,766.5,160,27.8,NA,NA,35-90-30,NA,NA,NA,NA,NA,NA
269,26-July-2024 (Day 11)/TG10-01136-2024-07-26T105300_26,-99192.70461,2.548255537,9.92958300919582e-111,809.1354178,0.029689182,3.04573419834497e-69,7/26/24,105300,26,10H 53M 0S,31.17,766.5,160,27.8,NA,NA,35-50-35,NA,NA,NA,NA,NA,NA
270,26-July-2024 (Day 11)/TG10-01136-2024-07-26T105700_31,-41877.41568,1.079785326,4.49802939988121e-72,1445.072897,0.013291345,1.75090722997117e-33,7/26/24,105700,31,10H 57M 0S,31.17,766.5,160,27.8,NA,NA,35-20-35,NA,NA,NA,NA,NA,NA
271,26-July-2024 (Day 11)/TG10-01136-2024-07-26T110100_32,-40379.40957,1.03543881,1.28367494775482e-72,1583.141033,0.009826747,4.08080018499093e-42,7/26/24,110100,32,11H 1M 0S,31.17,766.5,160,27.8,NA,NA,35-20-35,NA,NA,NA,NA,NA,NA
272,26-July-2024 (Day 11)/TG10-01136-2024-07-26T110400_21,-67620.98685,1.711319115,1.6228985379521e-140,1183.959956,0.01961308,1.18144488369508e-94,7/26/24,110400,21,11H 4M 0S,31.17,766.5,160,27.8,NA,NA,35-90-35,NA,NA,NA,NA,NA,NA
273,26-July-2024 (Day 11)/TG10-01136-2024-07-26T110700_19,-47420.80224,1.19874745,2.0652292402954e-155,-24390.02875,0.658265124,4.65665945923612e-251,7/26/24,110700,19,11H 7M 0S,31.17,766.5,160,27.8,NA,NA,35-90-35,NA,NA,NA,NA,NA,NA
274,26-July-2024 (Day 11)/TG10-01136-2024-07-26T111100_27,-95878.68005,2.399336497,2.00142585991008e-104,1149.733654,0.020644734,9.07781325306333e-54,7/26/24,111100,27,11H 11M 0S,31.17,766.5,160,27.8,NA,NA,35-50-35,NA,NA,NA,NA,NA,NA
275,26-July-2024 (Day 11)/TG10-01136-2024-07-26T111400_84,514.1113671,0.000397041,0.890693448,6924.36756,-0.122352381,9.36544592130439e-42,7/26/24,111400,84,11H 14M 0S,31.17,766.5,160,27.8,NA,NA,BLANK,NA,NA,NA,NA,NA,NA
276,26-July-2024 (Day 11)/TG10-01136-2024-07-26T111800_33,-49386.52865,1.228364145,3.34410625767698e-68,1228.579719,0.018160994,1.50714495686344e-23,7/26/24,111800,33,11H 18M 0S,31.17,766.5,160,27.8,NA,NA,35-20-35,NA,NA,NA,NA,NA,NA
277,29-July-2024-1h_WETUP/TG10-01136-2024-07-29T125700_01,3963.660026,-0.073088391,2.55414658260571e-14,18789.9114,-0.35944138,1.09306519781106e-35,7/29/24,125700,01,12H 57M 0S,32.59,766,160,27.8,NA,NA,NA,25-90,NA,NA,NA,NA,NA
278,29-July-2024-1h_WETUP/TG10-01136-2024-07-29T130100_02,-2973.991806,0.074688604,1.23988949310696e-91,1780.036898,0.004005571,1.3282760214517e-26,7/29/24,130100,02,13H 1M 0S,32.59,766,160,27.8,NA,NA,NA,25-90,NA,NA,NA,NA,NA
279,29-July-2024-1h_WETUP/TG10-01136-2024-07-29T130500_03,-2397.718273,0.062167292,1.52003535851907e-85,1797.892249,0.003722412,3.12938194010377e-23,7/29/24,130500,03,13H 5M 0S,32.59,766,160,27.8,NA,NA,NA,25-90,NA,NA,NA,NA,NA
280,29-July-2024-1h_WETUP/TG10-01136-2024-07-29T130800_07,-2687.147704,0.06848468,5.84779712983921e-48,1727.266994,0.005258568,4.62916138994408e-16,7/29/24,130800,07,13H 8M 0S,32.59,766,160,27.8,NA,NA,NA,25-50,NA,NA,NA,NA,NA
281,29-July-2024-1h_WETUP/TG10-01136-2024-07-29T131100_08,-2216.352819,0.057490548,1.20507990110269e-69,1764.19128,0.004254001,6.76689632883054e-26,7/29/24,131100,08,13H 11M 0S,32.59,766,160,27.8,NA,NA,NA,25-50,NA,NA,NA,NA,NA
282,29-July-2024-1h_WETUP/TG10-01136-2024-07-29T131400_09,-1509.124068,0.04463317,5.57913527519281e-63,1827.073814,0.003410209,1.95865750220687e-16,7/29/24,131400,09,13H 14M 0S,32.59,766,160,27.8,NA,NA,NA,25-50,NA,NA,NA,NA,NA
283,29-July-2024-1h_WETUP/TG10-01136-2024-07-29T131800_13,-5195.938683,0.119815852,6.63325241667154e-172,1710.551921,0.005378409,6.22631009729412e-109,7/29/24,131800,13,13H 18M 0S,32.59,766,160,27.8,NA,NA,NA,25-20,NA,NA,NA,NA,NA
284,29-July-2024-1h_WETUP/TG10-01136-2024-07-29T132300_14,-4794.908837,0.110833657,3.95274320973299e-91,1771.306529,0.004219304,6.1092806585107e-32,7/29/24,132300,14,13H 23M 0S,32.59,766,160,27.8,NA,NA,NA,25-20,NA,NA,NA,NA,NA
285,29-July-2024-1h_WETUP/TG10-01136-2024-07-29T132800_15,-5104.405844,0.116059831,1.50518142827254e-94,1701.001447,0.005574597,3.38919238879053e-36,7/29/24,132800,15,13H 28M 0S,32.59,766,160,27.8,NA,NA,NA,25-20,NA,NA,NA,NA,NA
286,29-July-2024-1h_WETUP/TG10-01136-2024-07-29T133200_25,-3855.860839,0.090349302,3.31860345635775e-88,1699.167325,0.005561775,4.74123699873633e-44,7/29/24,133200,25,13H 32M 0S,32.59,766,160,27.8,NA,NA,NA,35-50,NA,NA,NA,NA,NA
287,29-July-2024-1h_WETUP/TG10-01136-2024-07-29T133700_26,-3371.096779,0.079879541,2.69268614392543e-83,1679.08559,0.005900869,3.78659155062808e-39,7/29/24,133700,26,13H 37M 0S,32.59,766,160,27.8,NA,NA,NA,35-50,NA,NA,NA,NA,NA
288,29-July-2024-1h_WETUP/TG10-01136-2024-07-29T134200_32,-6465.659381,0.14263149,3.52867131580477e-94,1680.983091,0.005775673,1.49554519737603e-39,7/29/24,134200,32,13H 42M 0S,32.59,766,160,27.8,NA,NA,NA,35-20,NA,NA,NA,NA,NA
289,29-July-2024-1h_WETUP/TG10-01136-2024-07-29T134500_27,-4570.438503,0.102521487,9.36183772184678e-113,1629.144331,0.007062299,3.41783523774447e-46,7/29/24,134500,27,13H 45M 0S,32.59,766,160,27.8,NA,NA,NA,35-50,NA,NA,NA,NA,NA
290,29-July-2024-1h_WETUP/TG10-01136-2024-07-29T135100_31,-8907.016262,0.189767785,4.022776286662e-105,1669.010877,0.005983326,5.58508531651243e-37,7/29/24,135100,31,13H 51M 0S,32.59,766,160,27.8,NA,NA,NA,35-20,NA,NA,NA,NA,NA
291,29-July-2024-1h_WETUP/TG10-01136-2024-07-29T135400_19,-4725.577183,0.104204761,2.8440753200701e-106,1568.365008,0.007766513,5.62183911767542e-54,7/29/24,135400,19,13H 54M 0S,32.59,766,160,27.8,NA,NA,NA,35-90,NA,NA,NA,NA,NA
292,29-July-2024-1h_WETUP/TG10-01136-2024-07-29T135800_33,-13499.51699,0.28007892,2.1681360950983e-128,1603.912465,0.007156939,3.51012810565534e-49,7/29/24,135800,33,13H 58M 0S,32.59,766,160,27.8,NA,NA,NA,35-20,NA,NA,NA,NA,NA
293,29-July-2024-1h_WETUP/TG10-01136-2024-07-29T140100_20,-3346.1938,0.076201741,6.99047821533206e-83,1791.990117,0.003335591,1.34698933515542e-21,7/29/24,140100,20,14H 1M 0S,32.59,766,160,27.8,NA,NA,NA,35-90,NA,NA,NA,NA,NA
294,29-July-2024-1h_WETUP/TG10-01136-2024-07-29T140400_21,-4817.018702,0.104850873,1.00347781733448e-93,1591.027907,0.007221739,4.07129235506061e-42,7/29/24,140400,21,14H 4M 0S,32.59,766,160,27.8,NA,NA,NA,35-90,NA,NA,NA,NA,NA
295,29-July-2024-2min_WETUP/TG10-01136-2024-07-29T112600_01,-1856.063089,0.058424306,4.13964596858074e-61,1688.651841,0.007357751,1.63701791042215e-42,7/29/24,112600,01,11H 26M 0S,31.57,766,160,27.8,NA,NA,NA,NA,25-90,NA,NA,NA,NA
296,29-July-2024-2min_WETUP/TG10-01136-2024-07-29T113100_02,-1966.275073,0.060634014,3.21588746945869e-78,1649.065097,0.008244537,8.195729654836e-58,7/29/24,113100,02,11H 31M 0S,31.57,766,160,27.8,NA,NA,NA,NA,25-90,NA,NA,NA,NA
297,29-July-2024-2min_WETUP/TG10-01136-2024-07-29T113600_03,-1522.291914,0.04990076,1.94533245394948e-69,1716.647716,0.006380654,7.23654416701889e-36,7/29/24,113600,03,11H 36M 0S,31.57,766,160,27.8,NA,NA,NA,NA,25-90,NA,NA,NA,NA
298,29-July-2024-2min_WETUP/TG10-01136-2024-07-29T113900_07,-1635.063249,0.053965223,1.01773225757258e-72,1313.904612,0.016406243,3.23841845946527e-76,7/29/24,113900,07,11H 39M 0S,31.57,766,160,27.8,NA,NA,NA,NA,25-50,NA,NA,NA,NA
299,29-July-2024-2min_WETUP/TG10-01136-2024-07-29T114300_08,-1282.913846,0.044095641,1.47434078006953e-59,1527.913074,0.011067903,3.9996039731747e-54,7/29/24,114300,08,11H 43M 0S,31.57,766,160,27.8,NA,NA,NA,NA,25-50,NA,NA,NA,NA
300,29-July-2024-2min_WETUP/TG10-01136-2024-07-29T114700_09,-1995.261047,0.060800521,1.91706238809074e-34,1353.37711,0.015082744,2.89219380604265e-32,7/29/24,114700,09,11H 47M 0S,31.57,766,160,27.8,NA,NA,NA,NA,25-50,NA,NA,NA,NA
301,29-July-2024-2min_WETUP/TG10-01136-2024-07-29T115400_13,-1293.228536,0.043550494,1.02885624093542e-67,1780.221733,0.004768241,4.08593252764658e-35,7/29/24,115400,13,11H 54M 0S,31.57,766,160,27.8,NA,NA,NA,NA,25-20,NA,NA,NA,NA
302,29-July-2024-2min_WETUP/TG10-01136-2024-07-29T115900_14,-1360.152077,0.043781426,1.080696180785e-57,1616.859932,0.008283298,8.94256765776927e-48,7/29/24,115900,14,11H 59M 0S,31.57,766,160,27.8,NA,NA,NA,NA,25-20,NA,NA,NA,NA
303,29-July-2024-2min_WETUP/TG10-01136-2024-07-29T120700_25,-917.2393013,0.034620089,1.95798558058325e-51,1705.312364,0.006683971,1.25110728310167e-42,7/29/24,120700,25,12H 7M 0S,31.57,766,160,27.8,NA,NA,NA,NA,35-50,NA,NA,NA,NA
304,29-July-2024-2min_WETUP/TG10-01136-2024-07-29T121000_15,-1875.236215,0.055658535,2.51392975445777e-64,1746.867686,0.005479678,2.82740386897696e-22,7/29/24,121000,15,12H 10M 0S,31.57,766,160,27.8,NA,NA,NA,NA,25-20,NA,NA,NA,NA
305,29-July-2024-2min_WETUP/TG10-01136-2024-07-29T121700_26,-491.1426969,0.024425823,5.05261672963103e-36,1765.007207,0.005060753,2.52220739846413e-28,7/29/24,121700,26,12H 17M 0S,31.57,766,160,27.8,NA,NA,NA,NA,35-50,NA,NA,NA,NA
306,29-July-2024-2min_WETUP/TG10-01136-2024-07-29T122100_32,-1521.753912,0.046270434,1.28516489377051e-52,1652.865872,0.007436034,1.55507810799016e-35,7/29/24,122100,32,12H 21M 0S,31.57,766,160,27.8,NA,NA,NA,NA,35-20,NA,NA,NA,NA
307,29-July-2024-2min_WETUP/TG10-01136-2024-07-29T122600_33,1489.473761,-0.020093424,1.37787130152128e-06,7931.958939,-0.132441338,2.10118425903525e-30,7/29/24,122600,33,12H 26M 0S,31.57,766,160,27.8,NA,NA,NA,NA,35-20,NA,NA,NA,NA
308,29-July-2024-2min_WETUP/TG10-01136-2024-07-29T123000_21,-650.270128,0.032814236,2.20569144855903e-49,1908.464709,0.003552129,1.56724248769355e-20,7/29/24,123000,21,12H 30M 0S,31.57,766,160,27.8,NA,NA,NA,NA,35-90,NA,NA,NA,NA
309,29-July-2024-2min_WETUP/TG10-01136-2024-07-29T123500_20,-2711.386661,0.071765486,2.39684204532282e-90,1656.023766,0.007207001,5.98320078441513e-41,7/29/24,123500,20,12H 35M 0S,31.57,766,160,27.8,NA,NA,NA,NA,35-90,NA,NA,NA,NA
310,29-July-2024-2min_WETUP/TG10-01136-2024-07-29T124000_31,90.19408034,0.010708024,0.00024186,5951.359293,-0.086717577,5.45374821111338e-29,7/29/24,124000,31,12H 40M 0S,31.57,766,160,27.8,NA,NA,NA,NA,35-20,NA,NA,NA,NA
311,29-July-2024-2min_WETUP/TG10-01136-2024-07-29T124500_19,-3235.123996,0.081836561,1.10779100292943e-96,1520.69388,0.009767663,1.93799429820246e-62,7/29/24,124500,19,12H 45M 0S,31.57,766,160,27.8,NA,NA,NA,NA,35-90,NA,NA,NA,NA
312,29-July-2024-2min_WETUP/TG10-01136-2024-07-29T125000_27,-2599.469676,0.067956166,7.59314258381482e-78,1630.852103,0.007489632,4.47193523774241e-44,7/29/24,125000,27,12H 50M 0S,31.57,766,160,27.8,NA,NA,NA,NA,35-50,NA,NA,NA,NA
313,29-July-2024-4h_WETUP/TG10-01136-2024-07-29T153600_01,-4092.541589,0.084831859,1.72033708788e-85,1685.064924,0.004897507,1.45758593596485e-34,7/29/24,153600,01,15H 36M 0S,31.36,766,160,27.8,NA,NA,NA,NA,NA,25-90,NA,NA,NA
314,29-July-2024-4h_WETUP/TG10-01136-2024-07-29T153900_02,-5882.572045,0.113364049,2.82648507548257e-113,2095.674218,-0.002483007,1.20702377807736e-15,7/29/24,153900,02,15H 39M 0S,31.36,766,160,27.8,NA,NA,NA,NA,NA,25-90,NA,NA,NA
315,29-July-2024-4h_WETUP/TG10-01136-2024-07-29T154300_03,-3918.852548,0.07828729,2.91777643918047e-92,1813.625767,0.002537266,1.7073603029274e-16,7/29/24,154300,03,15H 43M 0S,31.36,766,160,27.8,NA,NA,NA,NA,NA,25-90,NA,NA,NA
316,29-July-2024-4h_WETUP/TG10-01136-2024-07-29T154600_07,-4353.837923,0.086019833,2.32530753045188e-93,1828.790514,0.00226055,1.07270036349615e-11,7/29/24,154600,07,15H 46M 0S,31.36,766,160,27.8,NA,NA,NA,NA,NA,25-50,NA,NA,NA
317,29-July-2024-4h_WETUP/TG10-01136-2024-07-29T154900_08,-4376.994239,0.086314773,4.71339649695728e-79,1744.966032,0.003742239,6.02255218543545e-24,7/29/24,154900,08,15H 49M 0S,31.36,766,160,27.8,NA,NA,NA,NA,NA,25-50,NA,NA,NA
318,29-July-2024-4h_WETUP/TG10-01136-2024-07-29T155400_09,-7425.331422,0.139472039,3.30384803566748e-59,1798.294798,0.002843226,1.11632568352698e-14,7/29/24,155400,09,15H 54M 0S,31.36,766,160,27.8,NA,NA,NA,NA,NA,25-50,NA,NA,NA
319,29-July-2024-4h_WETUP/TG10-01136-2024-07-29T155700_13,-12457.67492,0.227074146,2.03337318197223e-93,1758.388281,0.003538849,1.1536029353652e-22,7/29/24,155700,13,15H 57M 0S,31.36,766,160,27.8,NA,NA,NA,NA,NA,25-20,NA,NA,NA
320,29-July-2024-4h_WETUP/TG10-01136-2024-07-29T160000_14,-8730.996236,0.16083093,2.07300350345951e-98,1769.272553,0.003268973,8.070187064647e-24,7/29/24,160000,14,16H 0M 0S,31.36,766,160,27.8,NA,NA,NA,NA,NA,25-20,NA,NA,NA
321,29-July-2024-4h_WETUP/TG10-01136-2024-07-29T160300_15,-8553.505992,0.157802337,1.34139286059815e-96,1741.915096,0.003737844,4.27503323795809e-22,7/29/24,160300,15,16H 3M 0S,31.36,766,160,27.8,NA,NA,NA,NA,NA,25-20,NA,NA,NA
322,29-July-2024-4h_WETUP/TG10-01136-2024-07-29T161000_25,-9872.812326,0.179336579,7.55958075203323e-99,1744.932406,0.003683155,2.01622440090047e-26,7/29/24,161000,25,16H 10M 0S,31.36,766,160,27.8,NA,NA,NA,NA,NA,35-50,NA,NA,NA
323,29-July-2024-4h_WETUP/TG10-01136-2024-07-29T161300_21,-6027.303759,0.11217632,1.30098417732594e-102,1636.381496,0.005523146,2.36584962442703e-39,7/29/24,161300,21,16H 13M 0S,31.36,766,160,27.8,NA,NA,NA,NA,NA,35-90,NA,NA,NA
324,29-July-2024-4h_WETUP/TG10-01136-2024-07-29T161600_27,-11649.38543,0.207782923,1.47103905379961e-135,1694.351069,0.004514987,6.6717861692248e-31,7/29/24,161600,27,16H 16M 0S,31.36,766,160,27.8,NA,NA,NA,NA,NA,35-50,NA,NA,NA
325,29-July-2024-4h_WETUP/TG10-01136-2024-07-29T161900_19,-7961.20456,0.14409274,2.16967823424323e-117,1039.290736,0.015670228,5.07743252547404e-68,7/29/24,161900,19,16H 19M 0S,31.36,766,160,27.8,NA,NA,NA,NA,NA,35-90,NA,NA,NA
326,29-July-2024-4h_WETUP/TG10-01136-2024-07-29T162300_20,-5314.560482,0.09923431,1.69763569372347e-101,1814.947679,0.002477389,1.36198822590115e-13,7/29/24,162300,20,16H 23M 0S,31.36,766,160,27.8,NA,NA,NA,NA,NA,35-90,NA,NA,NA
327,29-July-2024-4h_WETUP/TG10-01136-2024-07-29T162700_31,-19672.20479,0.342479217,6.02018631139703e-107,1603.12025,0.006041881,1.00085349675828e-44,7/29/24,162700,31,16H 27M 0S,31.36,766,160,27.8,NA,NA,NA,NA,NA,35-20,NA,NA,NA
328,29-July-2024-4h_WETUP/TG10-01136-2024-07-29T163100_32,-17085.99677,0.298507754,7.1847880028274e-86,1698.537636,0.004421504,4.69543783517594e-32,7/29/24,163100,32,16H 31M 0S,31.36,766,160,27.8,NA,NA,NA,NA,NA,35-20,NA,NA,NA
329,29-July-2024-4h_WETUP/TG10-01136-2024-07-29T163400_33,-27120.79069,0.465497173,2.77837329929724e-78,1683.026881,0.004670694,5.09978074237632e-34,7/29/24,163400,33,16H 34M 0S,31.36,766,160,27.8,NA,NA,NA,NA,NA,35-20,NA,NA,NA
330,29-July-2024-4h_WETUP/TG10-01136-2024-07-29T163800_26,-6013.77682,0.10975234,3.27445994970867e-87,1766.139528,0.003212599,1.74365823859627e-16,7/29/24,163800,26,16H 38M 0S,31.36,766,160,27.8,NA,NA,NA,NA,NA,35-50,NA,NA,NA
331,29-July-2024-8h_WETUP/TG10-01136-2024-07-29T193100_01,-6201.367519,0.095994509,3.13695232502505e-79,1471.052752,0.007312277,3.62842276155367e-38,7/29/24,193100,01,19H 31M 0S,26.86,766,160,27.8,NA,NA,NA,NA,NA,NA,25-90,NA,NA
332,29-July-2024-8h_WETUP/TG10-01136-2024-07-29T193500_02,-8983.543856,0.135269618,1.2625903492369e-121,2206.644012,-0.003200901,1.98371481322313e-21,7/29/24,193500,02,19H 35M 0S,26.86,766,160,27.8,NA,NA,NA,NA,NA,NA,25-90,NA,NA
333,29-July-2024-8h_WETUP/TG10-01136-2024-07-29T193800_03,-4850.056928,0.076736793,1.39181293530177e-94,1739.565905,0.00339104,1.19558749664381e-23,7/29/24,193800,03,19H 38M 0S,26.86,766,160,27.8,NA,NA,NA,NA,NA,NA,25-90,NA,NA
334,29-July-2024-8h_WETUP/TG10-01136-2024-07-29T194100_07,-6432.200838,0.099304926,5.03960632951427e-78,1736.421459,0.003615446,4.8147563318324e-22,7/29/24,194100,07,19H 41M 0S,26.86,766,160,27.8,NA,NA,NA,NA,NA,NA,25-50,NA,NA
335,29-July-2024-8h_WETUP/TG10-01136-2024-07-29T194400_08,-7290.424663,0.111041905,4.84863746760896e-93,1728.58231,0.003486994,2.28505545149399e-23,7/29/24,194400,08,19H 44M 0S,26.86,766,160,27.8,NA,NA,NA,NA,NA,NA,25-50,NA,NA
336,29-July-2024-8h_WETUP/TG10-01136-2024-07-29T194800_09,-6259.225395,0.095996332,1.62175424624737e-89,1754.293281,0.003230576,4.19662190934895e-18,7/29/24,194800,09,19H 48M 0S,26.86,766,160,27.8,NA,NA,NA,NA,NA,NA,25-50,NA,NA
337,29-July-2024-8h_WETUP/TG10-01136-2024-07-29T195100_13,-21777.80932,0.312793768,1.87013703680327e-101,4434.677372,-0.020443261,2.05002672715533e-80,7/29/24,195100,13,19H 51M 0S,26.86,766,160,27.8,NA,NA,NA,NA,NA,NA,25-20,NA,NA
338,29-July-2024-8h_WETUP/TG10-01136-2024-07-29T195400_14,-12361.62058,0.181048374,6.75294850953681e-98,1298.364173,0.01045476,1.9504889390354e-62,7/29/24,195400,14,19H 54M 0S,26.86,766,160,27.8,NA,NA,NA,NA,NA,NA,25-20,NA,NA
339,29-July-2024-8h_WETUP/TG10-01136-2024-07-29T195800_15,-13286.64989,0.192720627,8.58208018954923e-106,1615.087324,0.00532283,3.54828050579084e-30,7/29/24,195800,15,19H 58M 0S,26.86,766,160,27.8,NA,NA,NA,NA,NA,NA,25-20,NA,NA
340,29-July-2024-8h_WETUP/TG10-01136-2024-07-29T200200_25,-14217.57937,0.205112616,8.69407857052313e-97,1630.131479,0.004973283,2.13595991620793e-30,7/29/24,200200,25,20H 2M 0S,26.86,766,160,27.8,NA,NA,NA,NA,NA,NA,35-50,NA,NA
341,29-July-2024-8h_WETUP/TG10-01136-2024-07-29T200600_26,-11141.85116,0.161899498,4.67960848726191e-98,1585.659811,0.005435512,2.70517004692835e-33,7/29/24,200600,26,20H 6M 0S,26.86,766,160,27.8,NA,NA,NA,NA,NA,NA,35-50,NA,NA
342,29-July-2024-8h_WETUP/TG10-01136-2024-07-29T200900_32,-30675.25736,0.431263184,6.63619784981334e-92,1614.453975,0.004945526,1.42321765263644e-34,7/29/24,200900,32,20H 9M 0S,26.86,766,160,27.8,NA,NA,NA,NA,NA,NA,35-20,NA,NA
343,29-July-2024-8h_WETUP/TG10-01136-2024-07-29T201500_33,-41864.66219,0.583199302,2.99472462111852e-103,1462.876462,0.00700272,4.37583854880074e-47,7/29/24,201500,33,20H 15M 0S,26.86,766,160,27.8,NA,NA,NA,NA,NA,NA,35-20,NA,NA
344,29-July-2024-8h_WETUP/TG10-01136-2024-07-29T201900_21,-11239.6841,0.161102177,4.78704784361981e-115,1404.644545,0.007775336,8.90945546187522e-55,7/29/24,201900,21,20H 19M 0S,26.86,766,160,27.8,NA,NA,NA,NA,NA,NA,35-90,NA,NA
345,29-July-2024-8h_WETUP/TG10-01136-2024-07-29T202200_20,-11038.30423,0.158575994,3.19305426737415e-122,1770.64744,0.003091028,1.29332460225243e-21,7/29/24,202200,20,20H 22M 0S,26.86,766,160,27.8,NA,NA,NA,NA,NA,NA,35-90,NA,NA
346,29-July-2024-8h_WETUP/TG10-01136-2024-07-29T202500_31,-38932.03108,0.538232807,1.37333100061691e-101,1391.987222,0.008215079,6.86188061309651e-50,7/29/24,202500,31,20H 25M 0S,26.86,766,160,27.8,NA,NA,NA,NA,NA,NA,35-20,NA,NA
347,29-July-2024-8h_WETUP/TG10-01136-2024-07-29T202900_19,-19560.93957,0.273063776,8.70502043665318e-135,-76.9174246,0.028264958,2.13731807317849e-111,7/29/24,202900,19,20H 29M 0S,26.86,766,160,27.8,NA,NA,NA,NA,NA,NA,35-90,NA,NA
348,29-July-2024-8h_WETUP/TG10-01136-2024-07-29T203200_27,-20710.30649,0.287812541,2.25936422635383e-131,1481.399283,0.007055657,1.36413505131143e-48,7/29/24,203200,27,20H 32M 0S,26.86,766,160,27.8,NA,NA,NA,NA,NA,NA,35-50,NA,NA
349,29-July-2024-PRE_WETUP/TG10-01136-2024-07-29T093700_08,-46257.43644,1.353120662,6.25927355582363e-115,1456.726948,0.015373388,1.27791839212043e-63,7/29/24,093700,08,9H 37M 0S,30.23,766,160,27.8,NA,NA,NA,NA,NA,NA,NA,25-50,NA
350,29-July-2024-PRE_WETUP/TG10-01136-2024-07-29T094000_14,-9576.781305,0.290797225,2.76372882551281e-91,1981.571157,0.000842176,0.482946872,7/29/24,094000,14,9H 40M 0S,30.23,766,160,27.8,NA,NA,NA,NA,NA,NA,NA,25-20,NA
351,29-July-2024-PRE_WETUP/TG10-01136-2024-07-29T094600_13,-9936.209205,0.297832582,4.97131378786114e-83,1807.748662,0.00513435,1.16669741046293e-35,7/29/24,094600,13,9H 46M 0S,30.23,766,160,27.8,NA,NA,NA,NA,NA,NA,NA,25-20,NA
352,29-July-2024-PRE_WETUP/TG10-01136-2024-07-29T094900_15,-8626.528899,0.25926134,3.38811746161188e-84,698.1313112,0.036874936,1.61831075755735e-39,7/29/24,094900,15,9H 49M 0S,30.23,766,160,27.8,NA,NA,NA,NA,NA,NA,NA,25-20,NA
353,29-July-2024-PRE_WETUP/TG10-01136-2024-07-29T095300_09,-47423.41376,1.347757279,1.06247444949636e-114,1248.360672,0.020834869,7.50019340270054e-59,7/29/24,095300,09,9H 53M 0S,30.23,766,160,27.8,NA,NA,NA,NA,NA,NA,NA,25-50,NA
354,29-July-2024-PRE_WETUP/TG10-01136-2024-07-29T095600_82,-303.3817651,0.022627544,3.50296207193345e-31,1474.593753,0.014046811,1.56187409673488e-73,7/29/24,095600,82,9H 56M 0S,30.23,766,160,27.8,NA,NA,NA,NA,NA,NA,NA,BLANK,NA
355,29-July-2024-PRE_WETUP/TG10-01136-2024-07-29T095900_07,-22673.60574,0.645571067,3.03471258034168e-117,118.4038683,0.052024744,4.81640074868225e-71,7/29/24,095900,07,9H 59M 0S,30.23,766,160,27.8,NA,NA,NA,NA,NA,NA,NA,25-50,NA
356,29-July-2024-PRE_WETUP/TG10-01136-2024-07-29T100300_01,-8367.080789,0.246148251,4.56635859143272e-139,1331.155856,0.018442573,2.03994540622292e-58,7/29/24,100300,01,10H 3M 0S,30.23,766,160,27.8,NA,NA,NA,NA,NA,NA,NA,25-90,NA
357,29-July-2024-PRE_WETUP/TG10-01136-2024-07-29T100600_02,-13274.75673,0.378583,1.29910485353878e-144,1836.455736,0.003884694,4.79611221380025e-25,7/29/24,100600,02,10H 6M 0S,30.23,766,160,27.8,NA,NA,NA,NA,NA,NA,NA,25-90,NA
358,29-July-2024-PRE_WETUP/TG10-01136-2024-07-29T101000_03,-16831.55273,0.473563738,9.84943267647769e-140,1799.745321,0.004896256,5.20286095617201e-27,7/29/24,101000,03,10H 10M 0S,30.23,766,160,27.8,NA,NA,NA,NA,NA,NA,NA,25-90,NA
359,29-July-2024-PRE_WETUP/TG10-01136-2024-07-29T101500_19,-29664.0695,0.817565838,1.9802683572253e-160,-268953.519,7.327036747,7.5708141536213e-63,7/29/24,101500,19,10H 15M 0S,30.23,766,160,27.8,NA,NA,NA,NA,NA,NA,NA,35-90,NA
360,29-July-2024-PRE_WETUP/TG10-01136-2024-07-29T101800_25,-100253.6545,2.71910536,4.54110449906949e-93,4356.557664,-0.06019721,6.62852883402251e-44,7/29/24,101800,25,10H 18M 0S,30.23,766,160,27.8,NA,NA,NA,NA,NA,NA,NA,35-50,NA
361,29-July-2024-PRE_WETUP/TG10-01136-2024-07-29T102200_26,-42277.52352,1.148997997,2.32491309337901e-108,227.419114,0.047303954,6.24288382853084e-75,7/29/24,102200,26,10H 22M 0S,30.23,766,160,27.8,NA,NA,NA,NA,NA,NA,NA,35-50,NA
362,29-July-2024-PRE_WETUP/TG10-01136-2024-07-29T102500_21,-41171.1291,1.112439877,2.82795334435085e-152,-116.1137175,0.056075487,1.77109740591741e-136,7/29/24,102500,21,10H 25M 0S,30.23,766,160,27.8,NA,NA,NA,NA,NA,NA,NA,35-90,NA
363,29-July-2024-PRE_WETUP/TG10-01136-2024-07-29T103000_31,-18516.66912,0.505105683,4.53093359037656e-79,1321.811488,0.017463362,2.06873763246793e-62,7/29/24,103000,31,10H 30M 0S,30.23,766,160,27.8,NA,NA,NA,NA,NA,NA,NA,35-20,NA
364,29-July-2024-PRE_WETUP/TG10-01136-2024-07-29T103400_20,-39228.66628,1.046566643,5.98971716652845e-137,732.2391647,0.033386282,5.76173947685474e-121,7/29/24,103400,20,10H 34M 0S,30.23,766,160,27.8,NA,NA,NA,NA,NA,NA,NA,35-90,NA
365,29-July-2024-PRE_WETUP/TG10-01136-2024-07-29T103800_84,-412.0358332,0.023893699,7.52980508329463e-44,1616.054632,0.01016334,3.26747551922762e-58,7/29/24,103800,84,10H 38M 0S,30.23,766,160,27.8,NA,NA,NA,NA,NA,NA,NA,BLANK,NA
366,30-july-2024-24hr_WETUP/TG10-01136-2024-07-30T113300_01,-4916.712538,0.134235033,1.75323209785828e-87,1553.649344,0.010486285,2.47348530338028e-52,7/30/24,113300,01,11H 33M 0S,30.86,765.8,160,27.8,NA,NA,NA,NA,NA,NA,NA,NA,25-90
367,30-july-2024-24hr_WETUP/TG10-01136-2024-07-30T113600_02,-5614.458207,0.150488836,4.41184446329301e-119,1747.231347,0.005777623,1.85410879054886e-39,7/30/24,113600,02,11H 36M 0S,30.86,765.8,160,27.8,NA,NA,NA,NA,NA,NA,NA,NA,25-90
368,30-july-2024-24hr_WETUP/TG10-01136-2024-07-30T114100_03,-4851.930056,0.129725478,2.81894691287591e-116,1703.365804,0.006426568,2.540971650595e-45,7/30/24,114100,03,11H 41M 0S,30.86,765.8,160,27.8,NA,NA,NA,NA,NA,NA,NA,NA,25-90
369,30-july-2024-24hr_WETUP/TG10-01136-2024-07-30T114400_07,-5256.258735,0.139994267,6.58388894228076e-93,1774.829781,0.00477495,4.15550681660496e-27,7/30/24,114400,07,11H 44M 0S,30.86,765.8,160,27.8,NA,NA,NA,NA,NA,NA,NA,NA,25-50
370,30-july-2024-24hr_WETUP/TG10-01136-2024-07-30T114700_08,-5893.800211,0.154201896,9.48379235155433e-99,1814.22017,0.003856177,9.23268405391746e-28,7/30/24,114700,08,11H 47M 0S,30.86,765.8,160,27.8,NA,NA,NA,NA,NA,NA,NA,NA,25-50
371,30-july-2024-24hr_WETUP/TG10-01136-2024-07-30T115000_09,-6579.834275,0.172310567,1.62283960956719e-94,1868.255503,0.002549658,9.56633946899711e-14,7/30/24,115000,09,11H 50M 0S,30.86,765.8,160,27.8,NA,NA,NA,NA,NA,NA,NA,NA,25-50
372,30-july-2024-24hr_WETUP/TG10-01136-2024-07-30T115300_13,-19967.96834,0.485638244,8.38975301251534e-103,1866.771733,0.002590171,1.67974465258419e-11,7/30/24,115300,13,11H 53M 0S,30.86,765.8,160,27.8,NA,NA,NA,NA,NA,NA,NA,NA,25-20
373,30-july-2024-24hr_WETUP/TG10-01136-2024-07-30T120200_15,-14269.07064,0.346456517,8.62836028613996e-105,1841.586587,0.003259247,5.81425614077912e-19,7/30/24,120200,15,12H 2M 0S,30.86,765.8,160,27.8,NA,NA,NA,NA,NA,NA,NA,NA,25-20
374,30-july-2024-24hr_WETUP/TG10-01136-2024-07-30T120500_14,-15986.89236,0.382576933,4.46786234159985e-94,1698.089754,0.006207876,1.25767247819361e-43,7/30/24,120500,14,12H 5M 0S,30.86,765.8,160,27.8,NA,NA,NA,NA,NA,NA,NA,NA,25-20
375,30-july-2024-24hr_WETUP/TG10-01136-2024-07-30T120800_26,-13768.4554,0.330596509,7.73377049684995e-106,1785.486365,0.004108076,1.01198989433042e-27,7/30/24,120800,26,12H 8M 0S,30.86,765.8,160,27.8,NA,NA,NA,NA,NA,NA,NA,NA,35-50
376,30-july-2024-24hr_WETUP/TG10-01136-2024-07-30T121100_27,-13009.23999,0.312318844,2.7271017709526e-142,1687.030458,0.006435211,6.27201101835031e-44,7/30/24,121100,27,12H 11M 0S,30.86,765.8,160,27.8,NA,NA,NA,NA,NA,NA,NA,NA,35-50
377,30-july-2024-24hr_WETUP/TG10-01136-2024-07-30T121400_31,-30101.77656,0.700782173,2.48053954570793e-101,1782.542333,0.004226177,1.52317165799639e-27,7/30/24,121400,31,12H 14M 0S,30.86,765.8,160,27.8,NA,NA,NA,NA,NA,NA,NA,NA,35-20
378,30-july-2024-24hr_WETUP/TG10-01136-2024-07-30T121700_25,-16950.01046,0.39943299,6.554492612196e-101,1762.26551,0.004618781,3.86351369353911e-26,7/30/24,121700,25,12H 17M 0S,30.86,765.8,160,27.8,NA,NA,NA,NA,NA,NA,NA,NA,35-50
379,30-july-2024-24hr_WETUP/TG10-01136-2024-07-30T122000_32,-31681.05002,0.732262678,2.64132778898822e-119,1859.403094,0.002653418,5.94669766128646e-16,7/30/24,122000,32,12H 20M 0S,30.86,765.8,160,27.8,NA,NA,NA,NA,NA,NA,NA,NA,35-20
380,30-july-2024-24hr_WETUP/TG10-01136-2024-07-30T122400_19,-4490.152558,0.115666034,2.5465622930608e-19,13588.8216,-0.259195892,3.70739086656768e-23,7/30/24,122400,19,12H 24M 0S,30.86,765.8,160,27.8,NA,NA,NA,NA,NA,NA,NA,NA,35-90
381,30-july-2024-24hr_WETUP/TG10-01136-2024-07-30T122700_33,-34471.98292,0.787672442,1.70716896963314e-103,1643.716486,0.007228547,1.19752158201382e-47,7/30/24,122700,33,12H 27M 0S,30.86,765.8,160,27.8,NA,NA,NA,NA,NA,NA,NA,NA,35-20
382,30-july-2024-24hr_WETUP/TG10-01136-2024-07-30T123000_21,-10429.8833,0.245175173,3.88675882003076e-128,1168.173217,0.01762799,1.79980550010404e-98,7/30/24,123000,21,12H 30M 0S,30.86,765.8,160,27.8,NA,NA,NA,NA,NA,NA,NA,NA,35-90
383,30-july-2024-24hr_WETUP/TG10-01136-2024-07-30T123500_20,-17802.30439,0.406253026,7.78753352359804e-158,1507.890115,0.010049831,3.32013718219066e-63,7/30/24,123500,20,12H 35M 0S,30.86,765.8,160,27.8,NA,NA,NA,NA,NA,NA,NA,NA,35-90